,RegionID,RegionName,SizeRank,2010-09,2010-10,2010-11,2010-12,2011-01,2011-02,2011-03,2011-04,2011-05,2011-06,2011-07,2011-08,2011-09,2011-10,2011-11,2011-12,2012-01,2012-02,2012-03,2012-04,2012-05,2012-06,2012-07,2012-08,2012-09,2012-10,2012-11,2012-12,2013-01,2013-02,2013-03,2013-04,2013-05,2013-06,2013-07,2013-08,2013-09,2013-10,2013-11,2013-12,2014-01,2014-02,2014-03,2014-04,2014-05,2014-06,2014-07,2014-08,2014-09,2014-10,2014-11,2014-12,2015-01,2015-02,2015-03,2015-04,2015-05,2015-06,2015-07,2015-08,2015-09,2015-10,2015-11,2015-12,2016-01,2016-02,2016-03,2016-04,2016-05,2016-06,2016-07,2016-08,2016-09,2016-10,2016-11,2016-12,2017-01,2017-02,2017-03,2017-04,2017-05,2017-06,2017-07,2017-08,2017-09,2017-10,2017-11,2017-12,2018-01,2018-02,2018-03,2018-04,2018-05,2018-06,2018-07,2018-08,2018-09,2018-10,2018-11,2018-12,2019-01,2019-02,2019-03,2019-04,2019-05,2019-06,2019-07,2019-08,2019-09,2019-10,2019-11,2019-12,2020-01
0,9,California,1,2015.0,2026.0,2017.0,2011.0,1995.0,1980.0,1968.0,1961.0,1959.0,1961.0,1969.0,1976.0,1982.0,1983.0,1979.0,1974.0,1967.0,1965.0,1962.0,1962.0,1965.0,1970.0,1975.0,1981.0,1987.0,1990.0,1991.0,1991.0,1994.0,1996,2005,2015.0,2026.0,2037.0,2047,2058,2071,2084,2087.0,2087.0,2086.0,2085.0,2083,2081,2086.0,2096,2123.0,2152.0,2177.0,2199.0,2215.0,2227.0,2238,2245,2257,2271,2288.0,2306.0,2322.0,2337.0,2347.0,2356,2362,2367,2370,2373,2374,2380,2391,2404,2415,2428,2439,2445,2446,2444,2437,2432,2431,2436,2445,2456,2467,2472,2470,2468,2464,2464,2459,2459,2463,2469,2475,2484,2488,2491,2495,2498,2499,2499,2506,2508,2506,2505,2511,2519,2527,2535,2540,2548.0,2558.0,2559,2560
1,54,Texas,2,1059.0,1072.0,1074.0,1073.0,1069.0,1062.0,1057.0,1055.0,1056.0,1059.0,1063.0,1063.0,1063.0,1059.0,1053.0,1048.0,1046.0,1044.0,1045.0,1044.0,1047.0,1052.0,1059.0,1067.0,1073.0,1073.0,1072.0,1073.0,1077.0,1080,1087,1095.0,1107.0,1119.0,1128,1138,1146,1155,1166.0,1174.0,1179.0,1182.0,1183,1188,1195.0,1204,1219.0,1232.0,1243.0,1249.0,1254.0,1258.0,1261,1265,1270,1279,1289.0,1299.0,1308.0,1315.0,1320.0,1320,1318,1317,1317,1317,1316,1317,1322,1327,1335,1339,1342,1341,1337,1330,1325,1320,1317,1318,1323,1329,1332,1334,1334,1331,1329,1327,1325,1325,1328,1329,1332,1336,1339,1342,1344,1347,1351,1352,1350,1346,1342,1340,1341,1345,1350,1354,1356,1367.0,1373.0,1382,1378
2,43,New York,3,1541.0,1578.0,1593.0,1598.0,1593.0,1586.0,1579.0,1576.0,1575.0,1577.0,1585.0,1594.0,1601.0,1605.0,1604.0,1603.0,1605.0,1607.0,1613.0,1620.0,1630.0,1642.0,1653.0,1660.0,1663.0,1664.0,1670.0,1675.0,1683.0,1686,1693,1701.0,1718.0,1740.0,1763,1779,1797,1810,1822.0,1834.0,1841.0,1845.0,1849,1858,1864.0,1867,1874.0,1898.0,1912.0,1924.0,1929.0,1925.0,1925,1928,1943,1955,1971.0,1982.0,2012.0,2040.0,2067.0,2085,2094,2103,2109,2109,2112,2116,2119,2123,2133,2149,2162,2174,2179,2182,2184,2173,2165,2150,2143,2143,2150,2158,2157,2155,2150,2150,2148,2141,2139,2138,2141,2146,2153,2162,2168,2169,2169,2173,2193,2197,2195,2192,2191,2194,2197,2202,2207,2246.0,2251.0,2261,2235
3,14,Florida,4,1259.0,1270.0,1277.0,1287.0,1291.0,1295.0,1296.0,1296.0,1296.0,1299.0,1303.0,1304.0,1304.0,1304.0,1302.0,1302.0,1303.0,1303.0,1304.0,1307.0,1312.0,1316.0,1319.0,1324.0,1326.0,1328.0,1331.0,1334.0,1337.0,1340,1341,1345.0,1350.0,1357.0,1365,1376,1386,1397,1410.0,1421.0,1429.0,1434.0,1435,1435,1434.0,1431,1435.0,1440.0,1448.0,1456.0,1464.0,1471.0,1480,1488,1494,1500,1508.0,1514.0,1519.0,1523.0,1529.0,1535,1543,1552,1561,1571,1573,1574,1577,1581,1585,1590,1593,1594,1596,1601,1600,1597,1592,1588,1584,1583,1581,1581,1577,1574,1572,1574,1579,1582,1586,1587,1587,1587,1585,1585,1588,1594,1601,1606,1599,1599,1600,1601,1603,1608,1613,1616,1619,1618.0,1617.0,1617,1617
4,21,Illinois,5,1355.0,1395.0,1405.0,1408.0,1395.0,1383.0,1377.0,1374.0,1374.0,1374.0,1376.0,1379.0,1381.0,1379.0,1373.0,1366.0,1357.0,1353.0,1351.0,1348.0,1351.0,1351.0,1356.0,1365.0,1374.0,1381.0,1378.0,1370.0,1365.0,1359,1361,1375.0,1385.0,1393.0,1397,1407,1416,1421,1425.0,1427.0,1431.0,1433.0,1433,1435,1442.0,1444,1450.0,1455.0,1471.0,1477.0,1475.0,1469.0,1470,1469,1468,1466,1468.0,1474.0,1477.0,1484.0,1488.0,1489,1485,1486,1481,1481,1477,1482,1490,1497,1501,1504,1505,1499,1495,1489,1483,1479,1476,1480,1487,1495,1504,1508,1509,1507,1501,1496,1489,1491,1497,1502,1511,1527,1536,1540,1541,1541,1538,1534,1529,1525,1525,1528,1536,1545,1552,1557,1560,1554.0,1562.0,1557,1552
5,47,Pennsylvania,6,1163.0,1160.0,1154.0,1146.0,1134.0,1124.0,1118.0,1115.0,1115.0,1118.0,1122.0,1126.0,1129.0,1125.0,1118.0,1109.0,1103.0,1104.0,1110.0,1119.0,1130.0,1138.0,1143.0,1145.0,1143.0,1139.0,1134.0,1128.0,1127.0,1125,1127,1132.0,1138.0,1146.0,1156,1163,1166,1166,1166.0,1160.0,1157.0,1156.0,1153,1153,1153.0,1155,1163.0,1173.0,1181.0,1185.0,1186.0,1184.0,1183,1181,1182,1185,1190.0,1196.0,1204.0,1209.0,1211.0,1212,1210,1208,1208,1207,1207,1211,1217,1225,1233,1234,1235,1232,1228,1224,1221,1219,1219,1221,1226,1232,1237,1241,1242,1239,1235,1233,1232,1232,1234,1236,1241,1246,1251,1254,1254,1254,1255,1255,1247,1243,1242,1243,1249,1256,1263,1268,1271,1273.0,1274.0,1274,1274
6,44,Ohio,7,855.0,859.0,862.0,862.0,869.0,871.0,872.0,874.0,877.0,882.0,889.0,895.0,898.0,897.0,895.0,891.0,891.0,891.0,893.0,891.0,888.0,886.0,886.0,887.0,891.0,894.0,896.0,895.0,892.0,889,887,889.0,891.0,895.0,900,903,908,912,914.0,915.0,915.0,915.0,915,913,915.0,918,931.0,942.0,952.0,955.0,952.0,950.0,950,953,959,966,976.0,987.0,994.0,998.0,1002.0,1005,1004,1000,996,992,988,987,990,994,998,1002,1003,1002,998,994,988,982,979,978,982,989,997,1002,1004,1003,1001,997,995,992,990,991,999,1008,1013,1014,1014,1015,1016,1019,1011,1007,1006,1007,1012,1015,1020,1024,1028,1042.0,1047.0,1036,1029
7,30,Michigan,8,1012.0,,1080.0,1089.0,1080.0,1064.0,1050.0,1041.0,1043.0,1048.0,1057.0,1066.0,1067.0,1038.0,,,951.0,941.0,937.0,940.0,946.0,952.0,958.0,962.0,967.0,972.0,974.0,972.0,967.0,961,957,958.0,963.0,973.0,980,990,1002,1016,1017.0,1022.0,1015.0,1012.0,1008,1005,1006.0,1009,1020.0,1029.0,1037.0,1042.0,1041.0,1040.0,1040,1042,1047,1052,1059.0,1070.0,1077.0,1080.0,1082.0,1086,1088,1088,1089,1090,1090,1092,1098,1107,1114,1121,1128,1130,1130,1128,1124,1122,1119,1121,1127,1136,1147,1157,1159,1161,1159,1155,1148,1142,1141,1141,1146,1158,1168,1174,1176,1176,1172,1170,1169,1167,1165,1165,1168,1174,1183,1190,1192,1198.0,1198.0,1190,1186
8,16,Georgia,9,1018.0,1034.0,1041.0,1046.0,1045.0,1044.0,1042.0,1042.0,1042.0,1045.0,1048.0,1049.0,1049.0,1048.0,1046.0,1043.0,1040.0,1038.0,1036.0,1033.0,1033.0,1034.0,1035.0,1036.0,1034.0,1033.0,1031.0,1028.0,1025.0,1024,1023,1027.0,1034.0,1043.0,1052,1060,1068,1076,1080.0,1083.0,1084.0,1084.0,1084,1087,1089.0,1093,1101.0,1110.0,1120.0,1129.0,1136.0,1141.0,1149,1154,1158,1162,1168.0,1175.0,1184.0,1190.0,1197.0,1200,1203,1206,1211,1215,1217,1220,1226,1234,1243,1251,1256,1259,1259,1258,1258,1258,1259,1262,1268,1276,1284,1289,1291,1291,1287,1283,1280,1280,1283,1285,1291,1300,1306,1311,1315,1319,1321,1323,1313,1310,1313,1318,1325,1333,1343,1351,1357,1374.0,1380.0,1386,1386
9,36,North Carolina,10,898.0,,939.0,943.0,942.0,940.0,938.0,936.0,937.0,942.0,947.0,950.0,953.0,953.0,954.0,954.0,956.0,958.0,958.0,959.0,961.0,965.0,970.0,973.0,974.0,975.0,973.0,969.0,965.0,963,961,961.0,966.0,976.0,987,997,1003,1008,1011.0,1012.0,1010.0,1008.0,1006,1005,1005.0,1007,1014.0,1021.0,1025.0,1028.0,1029.0,1028.0,1030,1033,1038,1045,1055.0,1064.0,1070.0,1074.0,1079.0,1079,1078,1076,1076,1076,1079,1084,1092,1100,1108,1113,1119,1121,1120,1120,1119,1117,1117,1119,1125,1132,1139,1145,1146,1146,1143,1141,1144,1147,1150,1153,1160,1168,1173,1176,1178,1180,1183,1187,1183,1182,1180,1182,1187,1193,1202,1208,1212,1229.0,1233.0,1240,1245
10,40,New Jersey,11,1534.0,1547.0,1547.0,1550.0,1547.0,1542.0,1538.0,1539.0,1542.0,1545.0,1548.0,1555.0,1557.0,1555.0,1559.0,1560.0,1559.0,1559.0,1558.0,1563.0,1571.0,1578.0,1585.0,1587.0,1583.0,1573.0,1565.0,1566.0,1572.0,1578,1582,1587.0,1598.0,1611.0,1625,1633,1632,1622,1605.0,1591.0,1585.0,1582.0,1578,1578,1583.0,1588,1602.0,1619.0,1634.0,1643.0,1641.0,1635.0,1628,1626,1627,1632,1640.0,1653.0,1667.0,1681.0,1690.0,1693,1689,1685,1682,1678,1681,1692,1708,1726,1746,1751,1752,1745,1740,1734,1730,1731,1737,1745,1760,1775,1788,1791,1784,1774,1767,1760,1753,1752,1753,1758,1768,1780,1789,1795,1797,1795,1792,1791,1802,1805,1807,1812,1820,1828,1838,1841,1840,1829.0,1829.0,1835,1841
11,56,Virginia,12,1343.0,1339.0,1338.0,1337.0,1339.0,1340.0,1343.0,1348.0,1356.0,1366.0,1378.0,1389.0,1397.0,1402.0,1406.0,1409.0,1411.0,1412.0,1413.0,1417.0,1422.0,1429.0,1436.0,1441.0,1445.0,1447.0,1450.0,1449.0,1447.0,1445,1444,1448.0,1455.0,1465.0,1474,1480,1481,1481,1479.0,1477.0,1475.0,1473.0,1473,1472,1471.0,1470,1474.0,1481.0,1485.0,1487.0,1486.0,1484.0,1484,1485,1488,1492,1496.0,1501.0,1505.0,1508.0,1508.0,1508,1507,1505,1503,1502,1501,1503,1510,1520,1528,1534,1539,1539,1536,1530,1528,1527,1529,1533,1539,1546,1552,1555,1558,1557,1553,1551,1549,1551,1554,1557,1560,1569,1576,1581,1585,1587,1589,1590,1581,1577,1576,1578,1582,1588,1594,1602,1607,1619.0,1621.0,1621,1627
12,59,Washington,13,1259.0,1263.0,1268.0,1273.0,1272.0,1272.0,1268.0,1264.0,1261.0,1261.0,1263.0,1265.0,1269.0,1270.0,1270.0,1267.0,1265.0,1261.0,1260.0,1263.0,1269.0,1276.0,1285.0,1293.0,1299.0,1304.0,1307.0,1310.0,1311.0,1312,1314,1317.0,1325.0,1335.0,1347,1361,1373,1382,1387.0,1392.0,1395.0,1396.0,1401,1404,1408.0,1411,1425.0,1442.0,1457.0,1468.0,1472.0,1474.0,1478,1482,1488,1499,1512.0,1525.0,1540.0,1551.0,1563.0,1571,1572,1572,1572,1575,1581,1591,1608,1625,1644,1662,1675,1683,1686,1686,1683,1682,1684,1689,1699,1713,1725,1733,1735,1732,1728,1721,1715,1710,1710,1717,1730,1747,1761,1770,1775,1780,1778,1775,1769,1765,1762,1764,1770,1782,1796,1808,1816,1822.0,1822.0,1824,1816
13,26,Massachusetts,14,1637.0,1634.0,1626.0,1610.0,1591.0,1576.0,1560.0,1551.0,1549.0,1555.0,1568.0,1579.0,1586.0,1591.0,1592.0,1590.0,1596.0,1602.0,1613.0,1633.0,1663.0,1691.0,1719.0,1736.0,1739.0,1736.0,1729.0,1725.0,1723.0,1721,1719,1722.0,1732.0,1747.0,1767,1788,1802,1810,1815.0,1810.0,1805.0,1803.0,1804,1810,1815.0,1823,1855.0,1882.0,1897.0,1900.0,1898.0,1904.0,1907,1908,1911,1920,1933.0,1960.0,1990.0,2010.0,2018.0,2015,2001,1983,1978,1979,1980,1993,2017,2046,2078,2091,2094,2090,2079,2066,2051,2040,2038,2044,2058,2080,2099,2107,2099,2086,2072,2063,2052,2048,2054,2072,2098,2127,2147,2155,2146,2134,2126,2118,2096,2096,2108,2126,2147,2168,2188,2203,2209,2190.0,2184.0,2177,2177
14,22,Indiana,15,917.0,932.0,942.0,946.0,944.0,936.0,924.0,915.0,910.0,906.0,905.0,902.0,898.0,891.0,886.0,882.0,879.0,878.0,879.0,878.0,875.0,869.0,867.0,867.0,868.0,870.0,871.0,870.0,864.0,859,853,852.0,857.0,867.0,877,884,892,899,904.0,907.0,908.0,909.0,907,906,908.0,910,920.0,929.0,937.0,943.0,944.0,944.0,945,946,947,952,960.0,967.0,969.0,969.0,969.0,971,970,966,965,968,970,973,978,987,996,1004,1011,1014,1012,1007,1002,1000,1000,1006,1014,1022,1027,1030,1031,1026,1018,1012,1008,1006,1007,1009,1015,1022,1024,1022,1021,1022,1022,1022,1015,1009,1005,1003,1007,1015,1022,1027,1029,1037.0,1039.0,1037,1036
15,8,Arizona,16,1032.0,1046.0,1049.0,1048.0,1046.0,1044.0,1041.0,1039.0,1040.0,1042.0,1040.0,1039.0,1036.0,1032.0,1029.0,1026.0,1024.0,1022.0,1021.0,1022.0,1025.0,1031.0,1035.0,1038.0,1040.0,1042.0,1042.0,1041.0,1039.0,1037,1037,1040.0,1045.0,1052.0,1058,1063,1066,1066,1068.0,1069.0,1069.0,1070.0,1071,1076,1080.0,1082,1089.0,1096.0,1104.0,1111.0,1114.0,1115.0,1116,1121,1131,1138,1145.0,1151.0,1154.0,1156.0,1160.0,1162,1161,1162,1162,1168,1173,1182,1194,1206,1215,1219,1221,1221,1220,1220,1220,1220,1223,1230,1238,1243,1247,1248,1251,1250,1247,1247,1246,1247,1250,1257,1265,1275,1285,1293,1300,1307,1315,1319,1316,1315,1317,1321,1329,1338,1349,1359,1370,1392.0,1411.0,1415,1414
16,53,Tennessee,17,973.0,973.0,969.0,967.0,964.0,957.0,950.0,943.0,941.0,941.0,945.0,949.0,953.0,957.0,958.0,959.0,961.0,961.0,962.0,964.0,967.0,973.0,979.0,986.0,989.0,989.0,986.0,985.0,982.0,979,978,978.0,982.0,991.0,1000,1009,1015,1016,1011.0,1008.0,1007.0,1007.0,1007,1012,1018.0,1023,1033.0,1044.0,1051.0,1055.0,1056.0,1056.0,1059,1060,1065,1070,1077.0,1084.0,1097.0,1107.0,1115.0,1120,1119,1116,1118,1122,1123,1127,1135,1144,1150,1158,1164,1164,1161,1157,1153,1152,1153,1158,1166,1173,1176,1177,1174,1174,1171,1170,1168,1168,1170,1172,1173,1174,1175,1172,1170,1169,1170,1173,1170,1168,1167,1165,1168,1174,1181,1185,1188,1191.0,1194.0,1195,1195
17,32,Missouri,18,840.0,846.0,847.0,846.0,848.0,844.0,841.0,842.0,848.0,854.0,860.0,864.0,866.0,865.0,865.0,864.0,865.0,866.0,868.0,870.0,872.0,870.0,869.0,866.0,863.0,858.0,856.0,852.0,848.0,846,844,844.0,847.0,849.0,852,853,853,852,850.0,849.0,851.0,853.0,854,855,855.0,857,863.0,866.0,871.0,874.0,872.0,867.0,863,859,856,860,867.0,874.0,882.0,889.0,894.0,898,898,896,895,895,897,899,901,902,904,906,909,910,911,912,912,913,913,914,917,920,922,923,923,922,920,919,916,914,914,916,921,926,927,929,931,931,929,930,929,925,923,923,926,931,935,939,942,955.0,958.0,963,958
18,27,Maryland,19,1514.0,1511.0,1508.0,1503.0,1503.0,1503.0,1505.0,1507.0,1511.0,1521.0,1532.0,1543.0,1551.0,1555.0,1555.0,1556.0,1557.0,1559.0,1561.0,1560.0,1558.0,1557.0,1560.0,1560.0,1559.0,1558.0,1557.0,1556.0,1558.0,1561,1564,1570.0,1574.0,1580.0,1587,1593,1594,1594,1594.0,1594.0,1594.0,1594.0,1593,1592,1585.0,1581,1583.0,1590.0,1601.0,1606.0,1609.0,1609.0,1609,1610,1612,1618,1627.0,1637.0,1643.0,1647.0,1642.0,1635,1630,1626,1624,1623,1624,1629,1635,1642,1654,1656,1654,1647,1637,1632,1630,1629,1631,1638,1646,1651,1657,1659,1655,1651,1645,1639,1636,1635,1640,1649,1659,1668,1674,1673,1666,1660,1656,1654,1657,1654,1649,1647,1652,1659,1667,1672,1674,1675.0,1678.0,1680,1681
19,60,Wisconsin,20,724.0,,,,841.0,843.0,853.0,866.0,883.0,907.0,932.0,946.0,,946.0,938.0,937.0,938.0,940.0,946.0,953.0,962.0,972.0,979.0,988.0,992.0,998.0,995.0,988.0,974.0,960,948,941.0,943.0,945.0,960,971,982,990,984.0,984.0,976.0,972.0,963,953,941.0,935,944.0,964.0,980.0,990.0,998.0,1005.0,1009,1012,1015,1022,1029.0,1035.0,1036.0,1033.0,1033.0,1031,1024,1021,1017,1015,1013,1015,1022,1028,1034,1038,1043,1044,1045,1044,1041,1039,1038,1043,1048,1053,1054,1054,1054,1057,1057,1056,1055,1050,1053,1056,1059,1068,1071,1073,1075,1080,1086,1091,1093,1091,1090,1091,1094,1099,1105,1107,1109,1122.0,1128.0,1119,1110
20,31,Minnesota,21,1118.0,1127.0,1136.0,1142.0,1143.0,1146.0,1150.0,1157.0,1165.0,1175.0,1185.0,1192.0,1196.0,1197.0,1195.0,1191.0,1186.0,1185.0,1186.0,1186.0,1189.0,1194.0,1200.0,1208.0,1215.0,1220.0,1222.0,1226.0,1229.0,1230,1232,1236.0,1243.0,1250.0,1257,1263,1268,1268,1269.0,1270.0,1268.0,1267.0,1269,1272,1274.0,1275,1281.0,1286.0,1291.0,1292.0,1292.0,1289.0,1288,1288,1290,1296,1304.0,1312.0,1322.0,1328.0,1329.0,1331,1329,1329,1327,1327,1328,1333,1338,1343,1346,1349,1349,1347,1348,1348,1347,1349,1351,1356,1362,1366,1371,1374,1375,1373,1370,1369,1369,1373,1379,1390,1395,1401,1404,1404,1403,1403,1405,1405,1408,1409,1409,1410,1412,1416,1418,1419,1417,1421.0,1425.0,1435,1449
21,10,Colorado,22,1234.0,1209.0,1206.0,1209.0,1217.0,1219.0,1219.0,1223.0,1230.0,1241.0,1251.0,1263.0,1269.0,1274.0,1276.0,1275.0,1272.0,1270.0,1268.0,1271.0,1275.0,1281.0,1288.0,1296.0,1303.0,1309.0,1315.0,1320.0,1324.0,1326,1331,1338.0,1346.0,1356.0,1363,1369,1375,1379,1382.0,1387.0,1390.0,1391.0,1393,1398,1404.0,1411,1425.0,1446.0,1468.0,1488.0,1505.0,1519.0,1533,1548,1562,1578,1595.0,1610.0,1622.0,1636.0,1648.0,1659,1667,1667,1670,1673,1674,1676,1684,1689,1694,1697,1699,1697,1692,1687,1683,1681,1682,1689,1699,1708,1715,1719,1719,1717,1714,1712,1712,1710,1715,1718,1723,1725,1729,1730,1731,1732,1733,1735,1730,1727,1725,1727,1731,1737,1745,1751,1755,1767.0,1765.0,1779,1790
22,4,Alabama,23,871.0,879.0,880.0,880.0,881.0,878.0,874.0,869.0,866.0,866.0,870.0,875.0,875.0,872.0,872.0,871.0,869.0,870.0,873.0,866.0,856.0,848.0,840.0,840.0,844.0,848.0,851.0,850.0,849.0,847,848,850.0,854.0,856.0,861,864,866,869,873.0,875.0,875.0,875.0,872,868,866.0,865,868.0,871.0,878.0,883.0,887.0,889.0,892,894,900,905,911.0,917.0,922.0,927.0,933.0,935,937,939,942,945,945,946,948,952,954,956,959,958,956,955,956,958,960,965,970,974,978,980,982,983,981,979,978,976,977,977,979,984,985,983,982,983,985,988,985,983,981,981,982,986,989,992,993,1012.0,1018.0,1008,1017
23,51,South Carolina,24,925.0,944.0,954.0,959.0,955.0,946.0,939.0,935.0,937.0,942.0,950.0,959.0,962.0,958.0,950.0,943.0,940.0,937.0,937.0,938.0,942.0,946.0,952.0,957.0,960.0,963.0,963.0,963.0,963.0,963,963,963.0,967.0,974.0,982,990,998,1008,1017.0,1018.0,1023.0,1025.0,1023,1025,1027.0,1033,1047.0,1061.0,1077.0,1087.0,1088.0,1087.0,1089,1091,1095,1104,1117.0,1130.0,1140.0,1147.0,1151.0,1154,1153,1149,1149,1150,1151,1156,1164,1173,1181,1186,1190,1189,1188,1185,1184,1185,1186,1193,1202,1212,1221,1227,1228,1222,1215,1210,1208,1208,1211,1214,1218,1223,1228,1231,1232,1233,1229,1226,1216,1210,1208,1208,1212,1218,1226,1233,1240,1257.0,1265.0,1266,1263
24,25,Louisiana,25,989.0,999.0,1002.0,1001.0,1002.0,1006.0,1007.0,1009.0,1014.0,1024.0,1044.0,1062.0,1074.0,1079.0,1078.0,1076.0,1070.0,1064.0,1057.0,1051.0,1044.0,1043.0,1047.0,1048.0,1053.0,1050.0,1042.0,1034.0,1025.0,1017,1014,1012.0,1017.0,1027.0,1038,1050,1057,1058,1063.0,1065.0,1070.0,1072.0,1070,1060,1051.0,1050,1068.0,1092.0,1105.0,1109.0,1110.0,1112.0,1115,1116,1117,1121,1129.0,1138.0,1146.0,1152.0,1157.0,1160,1155,1150,1149,1150,1150,1154,1163,1171,1176,1178,1181,1181,1183,1184,1183,1178,1171,1169,1171,1175,1179,1178,1171,1167,1160,1155,1149,1145,1148,1150,1155,1156,1155,1153,1149,1149,1148,1144,1140,1129,1122,1119,1119,1121,1122,1121,1119,1115.0,,1194,1203
25,24,Kentucky,26,845.0,854.0,862.0,870.0,871.0,866.0,862.0,859.0,856.0,861.0,868.0,875.0,880.0,883.0,883.0,879.0,872.0,866.0,860.0,859.0,863.0,868.0,873.0,877.0,879.0,879.0,879.0,875.0,872.0,867,864,865.0,869.0,874.0,880,886,889,892,892.0,891.0,888.0,887.0,884,881,880.0,880,887.0,894.0,898.0,898.0,902.0,906.0,911,916,922,929,938.0,943.0,949.0,953.0,956.0,955,955,951,948,945,943,943,948,956,962,968,973,973,971,967,962,958,955,957,960,970,978,984,985,982,977,971,965,964,966,970,978,988,992,992,991,990,990,990,985,980,975,972,973,980,988,994,998,1003.0,1007.0,1008,1007
26,46,Oregon,27,1065.0,1064.0,1065.0,1062.0,1057.0,1054.0,1049.0,1047.0,1050.0,1054.0,1063.0,1071.0,1079.0,1084.0,1088.0,1090.0,1091.0,1091.0,1090.0,1093.0,1098.0,1106.0,1114.0,1119.0,1122.0,1121.0,1120.0,1121.0,1121.0,1123,1124,1128.0,1134.0,1141.0,1148,1158,1167,1177,1186.0,1191.0,1190.0,1190.0,1192,1194,1198.0,1204,1222.0,1241.0,1262.0,1280.0,1291.0,1295.0,1295,1296,1302,1312,1329.0,1347.0,1367.0,1387.0,1405.0,1420,1425,1426,1428,1434,1442,1451,1464,1476,1488,1504,1519,1522,1522,1518,1516,1517,1521,1527,1531,1533,1535,1535,1532,1528,1521,1513,1505,1501,1500,1505,1511,1520,1527,1532,1535,1538,1538,1538,1544,1541,1536,1532,1532,1535,1541,1547,1555,1579.0,1604.0,1614,1615
27,45,Oklahoma,28,769.0,787.0,,,829.0,817.0,810.0,803.0,802.0,801.0,800.0,801.0,799.0,796.0,797.0,800.0,803.0,808.0,813.0,813.0,812.0,810.0,811.0,813.0,816.0,820.0,822.0,822.0,823.0,823,823,823.0,824.0,830.0,839,846,853,857,859.0,859.0,859.0,859.0,856,855,855.0,856,863.0,869.0,873.0,873.0,870.0,868.0,869,871,877,885,895.0,902.0,910.0,915.0,918.0,919,918,914,910,908,910,914,919,923,926,925,923,919,914,908,901,896,894,894,897,901,905,907,906,903,899,894,891,889,891,893,897,900,900,899,897,895,895,897,893,891,889,888,889,892,896,898,899,903.0,902.0,904,914
28,11,Connecticut,29,1250.0,1276.0,1284.0,1285.0,1283.0,1280.0,1278.0,1275.0,1277.0,1286.0,1300.0,1313.0,1323.0,1329.0,1329.0,1324.0,1316.0,1308.0,1306.0,1312.0,1319.0,1327.0,1334.0,1339.0,1342.0,1342.0,1339.0,1335.0,1330.0,1327,1323,1320.0,1318.0,1320.0,1328,1335,1345,1351,1349.0,1342.0,1335.0,1332.0,1332,1331,1330.0,1331,1336.0,1343.0,1352.0,1360.0,1367.0,1370.0,1370,1370,1376,1383,1392.0,1401.0,1409.0,1417.0,1424.0,1429,1429,1426,1423,1422,1420,1422,1429,1439,1447,1450,1453,1452,1450,1446,1441,1438,1437,1439,1443,1448,1455,1458,1460,1459,1455,1452,1448,1444,1443,1445,1451,1461,1471,1478,1481,1482,1479,1476,1467,1460,1457,1456,1458,1463,1469,1472,1474,1470.0,1470.0,1472,1472
29,19,Iowa,30,917.0,919.0,915.0,910.0,911.0,902.0,896.0,887.0,889.0,892.0,888.0,884.0,886.0,879.0,876.0,875.0,878.0,881.0,887.0,890.0,892.0,890.0,889.0,886.0,888.0,893.0,895.0,898.0,898.0,896,897,897.0,901.0,905.0,914,919,918,923,927.0,928.0,926.0,925.0,923,923,926.0,930,943.0,959.0,971.0,974.0,971.0,965.0,963,969,977,987,998.0,1007.0,1007.0,1001.0,994.0,986,977,972,972,973,979,987,995,999,1000,1001,1001,1001,1001,1000,997,993,988,983,983,983,984,982,980,977,976,975,975,972,970,968,967,969,967,965,962,957,953,954,954,952,947,943,941,942,944,945,943,947.0,948.0,950,953
30,34,Mississippi,31,820.0,822.0,823.0,824.0,824.0,820.0,813.0,807.0,806.0,810.0,813.0,815.0,816.0,818.0,817.0,818.0,821.0,825.0,830.0,832.0,834.0,837.0,837.0,834.0,828.0,824.0,819.0,818.0,819.0,822,824,828.0,833.0,837.0,842,851,863,870,875.0,877.0,879.0,880.0,875,870,867.0,866,872.0,881.0,889.0,895.0,899.0,899.0,901,905,912,919,929.0,936.0,942.0,947.0,950.0,954,957,954,949,948,950,959,970,976,983,981,980,976,970,963,962,962,959,957,958,961,965,968,971,970,969,965,960,961,964,968,972,979,980,978,976,978,981,983,984,981,975,970,968,971,976,980,983,992.0,995.0,999,998
31,6,Arkansas,32,747.0,765.0,773.0,776.0,778.0,773.0,768.0,764.0,765.0,762.0,759.0,764.0,769.0,775.0,782.0,787.0,793.0,797.0,797.0,795.0,795.0,796.0,800.0,809.0,817.0,822.0,819.0,816.0,816.0,815,817,822.0,829.0,835.0,835,837,836,835,838.0,836.0,832.0,830.0,825,821,819.0,818,820.0,827.0,833.0,838.0,841.0,843.0,844,846,848,851,856.0,861.0,863.0,862.0,864.0,867,862,854,852,857,865,877,890,896,896,894,893,888,884,880,877,876,878,883,890,898,903,900,894,890,885,883,880,877,878,879,881,882,883,883,882,883,883,881,873,867,862,861,865,870,875,877,877,888.0,893.0,896,899
32,23,Kansas,33,785.0,799.0,800.0,799.0,795.0,789.0,787.0,797.0,816.0,837.0,854.0,870.0,881.0,886.0,886.0,884.0,879.0,876.0,875.0,877.0,889.0,915.0,936.0,952.0,945.0,949.0,939.0,935.0,929.0,923,923,916.0,913.0,911.0,911,911,915,916,914.0,907.0,900.0,896.0,896,900,903.0,906,915.0,922.0,929.0,933.0,938.0,942.0,942,940,936,935,941.0,950.0,959.0,967.0,970.0,967,958,951,948,950,954,957,960,963,967,968,970,966,959,950,945,943,944,948,953,958,963,963,960,955,949,945,943,944,947,949,950,946,944,941,937,938,940,941,946,945,941,941,943,945,949,949,946,953.0,955.0,956,956
33,55,Utah,34,,,,,,,,1112.0,1096.0,1089.0,1096.0,1107.0,1112.0,1115.0,,1109.0,1108.0,1109.0,1111.0,1113.0,1117.0,1123.0,1130.0,1137.0,1142.0,1148.0,1151.0,1155.0,1160.0,1166,1174,1184.0,1195.0,1204.0,1213,1223,1234,1241,1243.0,1239.0,1232.0,1228.0,1227,1229,1233.0,1236,1241.0,1244.0,1248.0,1252.0,1257.0,1261.0,1264,1271,1279,1290,1300.0,1306.0,1310.0,1311.0,1308.0,1307,1306,1305,1308,1313,1316,1320,1327,1334,1340,1346,1352,1358,1362,1367,1369,1369,1372,1378,1388,1398,1408,1414,1417,1416,1414,1412,1410,1408,1408,1409,1414,1418,1420,1418,1414,1412,1415,1417,1411,1409,1409,1410,1412,1417,1424,1430,1435,1452.0,1450.0,1441,1435
34,42,Nevada,35,1095.0,1117.0,1127.0,1132.0,1135.0,1134.0,1131.0,1130.0,1132.0,1137.0,1143.0,1146.0,1148.0,1147.0,1143.0,1137.0,1131.0,1124.0,1119.0,1116.0,1117.0,1117.0,1118.0,1117.0,1117.0,1115.0,1114.0,1111.0,1109.0,1107,1107,1109.0,1113.0,1117.0,1122,1126,1133,1139,1141.0,1141.0,1142.0,1143.0,1143,1140,1134.0,1130,1141.0,1151.0,1163.0,1172.0,1176.0,1175.0,1175,1178,1179,1185,1193.0,1202.0,1211.0,1215.0,1220.0,1220,1222,1225,1229,1232,1233,1235,1241,1248,1254,1260,1264,1266,1267,1265,1261,1259,1260,1263,1268,1276,1283,1290,1293,1293,1291,1289,1288,1290,1293,1297,1304,1312,1319,1324,1328,1332,1338,1343,1332,1329,1329,1334,1343,1355,1366,1375,1381,1390.0,1397.0,1401,1410
35,41,New Mexico,36,1091.0,1072.0,1063.0,1059.0,1045.0,1035.0,1030.0,1036.0,1047.0,1058.0,1069.0,1072.0,1060.0,1047.0,1035.0,1024.0,1018.0,1012.0,1006.0,1002.0,999.0,999.0,1000.0,1002.0,1004.0,1008.0,1004.0,998.0,996.0,991,990,992.0,999.0,1012.0,1022,1029,1035,1041,1043.0,1043.0,1039.0,1037.0,1033,1032,1031.0,1031,1038.0,1044.0,1050.0,1054.0,1055.0,1056.0,1058,1060,1062,1065,1071.0,1079.0,1088.0,1096.0,1099.0,1098,1094,1094,1090,1086,1083,1084,1089,1097,1104,1108,1112,1113,1114,1114,1111,1109,1107,1108,1111,1115,1120,1121,1129,1133,1138,1140,1141,1140,1139,1140,1144,1150,1156,1159,1159,1158,1155,1152,1147,1142,1138,1137,1139,1145,1152,1158,1162,1181.0,1178.0,1176,1164
36,61,West Virginia,37,918.0,920.0,921.0,920.0,,954.0,941.0,920.0,908.0,903.0,908.0,916.0,924.0,920.0,905.0,897.0,886.0,895.0,901.0,911.0,918.0,925.0,934.0,948.0,958.0,950.0,941.0,935.0,927.0,917,914,923.0,935.0,944.0,952,955,953,946,929.0,923.0,905.0,896.0,891,888,885.0,887,900.0,913.0,934.0,950.0,949.0,944.0,946,953,955,953,955.0,965.0,975.0,983.0,984.0,984,972,960,949,944,937,930,930,929,929,930,932,931,924,912,904,895,888,886,889,890,890,886,885,883,883,883,882,881,879,880,879,882,886,889,888,887,889,890,885,880,875,873,874,876,878,877,874,878.0,887.0,896,908
37,38,Nebraska,38,835.0,852.0,854.0,861.0,861.0,854.0,859.0,864.0,879.0,888.0,899.0,907.0,908.0,903.0,900.0,901.0,904.0,909.0,910.0,912.0,911.0,907.0,903.0,896.0,893.0,900.0,906.0,910.0,913.0,920,936,951.0,960.0,966.0,968,966,971,978,983.0,978.0,968.0,963.0,958,954,955.0,958,979.0,994.0,1007.0,1014.0,1020.0,1025.0,1027,1030,1038,1053,1066.0,1077.0,1084.0,1086.0,1082.0,1077,1068,1057,1048,1045,1045,1050,1060,1071,1083,1086,1089,1086,1082,1075,1069,1065,1066,1074,1083,1090,1099,1104,1104,1098,1089,1080,1070,1070,1073,1081,1088,1094,1096,1095,1089,1082,1072,1065,1071,1066,1059,1055,1057,1062,1065,1065,1063,1073.0,1069.0,1060,1060
38,20,Idaho,39,,,,,,,,856.0,861.0,865.0,869.0,869.0,874.0,879.0,881.0,878.0,871.0,863.0,859.0,856.0,857.0,861.0,867.0,873.0,876.0,879.0,884.0,883.0,879.0,877,880,884.0,890.0,895.0,898,902,904,905,907.0,909.0,908.0,908.0,907,906,905.0,905,914.0,925.0,936.0,949.0,960.0,969.0,978,983,986,989,992.0,994.0,1001.0,1007.0,1014.0,1017,1016,1020,1028,1036,1040,1044,1056,1065,1071,1087,1105,1117,1124,1126,1130,1133,1134,1138,1144,1153,1167,1177,1185,1188,1188,1185,1180,1179,1182,1185,1188,1195,1201,1203,1201,1198,1199,1201,1203,1200,1199,1201,1210,1223,1237,1253,1264,1296.0,1306.0,1302,1299
39,18,Hawaii,40,2131.0,2151.0,2162.0,2157.0,2161.0,2136.0,2101.0,2058.0,2030.0,1999.0,1968.0,1943.0,1925.0,1913.0,1908.0,1908.0,1915.0,1922.0,1928.0,1937.0,1951.0,1967.0,1978.0,1983.0,1985.0,1983.0,1994.0,2006.0,2024.0,2034,2041,2054.0,2079.0,2108.0,2142,2169,2180,2170,,2087.0,,1962.0,1916,1892,1884.0,1887,1926.0,1980.0,,2091.0,2138.0,2183.0,2220,2245,2263,2285,2308.0,2326.0,2336.0,2342.0,2346.0,2348,2347,2350,2358,2362,2360,2360,2362,2375,2388,2403,2418,2422,2422,2413,2401,2391,2382,2377,2369,2365,2360,2353,2315,2321,2322,2318,2315,2316,2318,2323,2326,2338,2344,2350,2353,2354,2353,2359,2364,2366,2367,2374,2382,2388,2356,2340,2335,2323.0,2319.0,2319,2316
40,28,Maine,41,,,,1044.0,1055.0,1032.0,,,948.0,,997.0,1007.0,1011.0,1007.0,1005.0,,,,,892.0,,,,,,1037.0,1039.0,1032.0,1029.0,1026,1024,1015.0,1009.0,1000.0,1005,1017,1025,1031,1020.0,1032.0,1020.0,1015.0,1012,1014,1023.0,1035,,,,1175.0,1186.0,1192.0,1196,1196,1195,1191,1200.0,1220.0,1244.0,1263.0,1270.0,1271,1264,1251,1230,1217,1207,1213,1232,1249,1265,1290,1309,1320,1318,1302,1280,1273,1275,1287,1316,1347,1366,1368,1358,1341,1323,1313,1311,1316,1326,1339,1357,1375,1392,1404,1410,1410,1404,1396,1392,1389,1387,1373,1377,1389,1419,1435,1439,1442.0,1443.0,1453,1463
41,39,New Hampshire,42,1205.0,1210.0,1216.0,1230.0,1234.0,1234.0,1233.0,1234.0,1236.0,1238.0,1246.0,1254.0,1255.0,1247.0,1245.0,1247.0,1251.0,1253.0,1252.0,1254.0,1261.0,1267.0,1268.0,1270.0,1272.0,1277.0,1279.0,1277.0,1275.0,1276,1274,1275.0,1285.0,1298.0,1306,1317,1329,1334,1333.0,1327.0,1319.0,1316.0,1313,1311,1305.0,1300,1311.0,1327.0,1345.0,1356.0,1359.0,1361.0,1361,1362,1359,1357,1364.0,1374.0,1391.0,1406.0,1416.0,1437,1450,1456,1455,1447,1440,1443,1451,1457,1476,1485,1487,1489,1482,1475,1473,1484,1502,1510,1514,1522,1526,1527,1524,1515,1517,1516,1519,1527,1533,1536,1537,1534,1532,1532,1534,1536,1535,1540,1526,1523,1522,1525,1532,1541,1555,1570,1584,1589.0,1582.0,1570,1570
42,50,Rhode Island,43,1396.0,,1474.0,,,,,,,1081.0,1082.0,1085.0,1097.0,1101.0,,,1084.0,1081.0,1089.0,1099.0,1113.0,1128.0,1144.0,1159.0,1168.0,1173.0,1169.0,1163.0,1153.0,1143,1134,1127.0,1127.0,1132.0,1144,1157,1169,1179,1180.0,1174.0,1172.0,1171.0,1173,1177,1181.0,1183,1196.0,1209.0,1223.0,1242.0,1258.0,1269.0,1278,1283,1291,1299,1314.0,1326.0,1335.0,1339.0,1341.0,1341,1338,1338,1340,1337,1336,1340,1346,1356,1371,1383,1392,1397,1400,1400,1387,1376,1372,1372,1375,1379,1383,1385,1383,1374,1367,1364,1363,1365,1369,1375,1386,1394,1403,1409,1411,1410,1411,1414,1410,1409,1411,1414,1421,1433,1441,1445,1445,1458.0,1462.0,1459,1462
43,35,Montana,44,,,,,,947.0,,,,,1066.0,1070.0,1075.0,1072.0,1055.0,1029.0,1002.0,985.0,972.0,960.0,957.0,955.0,958.0,961.0,973.0,984.0,993.0,1001.0,999.0,1004,1009,1010.0,1017.0,1017.0,1017,1021,1030,1034,1031.0,1023.0,1018.0,1016.0,1011,1005,995.0,986,985.0,993.0,1009.0,1024.0,1035.0,1050.0,1062,1073,1078,1078,1083.0,1089.0,1098.0,1107.0,1119.0,1132,1143,1145,1146,1145,1148,1154,1162,1165,1173,1181,1189,1189,1191,1190,1184,1178,1171,1179,1192,1205,1217,1228,1236,1231,1222,1214,1207,1201,1201,1203,1208,1215,1222,1233,1245,1254,1258,1255,1246,1237,1233,1232,1237,1244,1251,1256,1263,1271.0,1263.0,1259,1256
44,13,Delaware,45,1177.0,1170.0,1184.0,1182.0,1170.0,1156.0,1149.0,1144.0,1144.0,1155.0,1176.0,1190.0,1193.0,1188.0,1176.0,1171.0,1170.0,1173.0,1169.0,1162.0,1155.0,1152.0,1154.0,1158.0,1161.0,1162.0,1162.0,1156.0,1147.0,1134,1126,1124.0,1130.0,1141.0,1165,1183,1197,1213,1214.0,1211.0,1200.0,1195.0,1192,1189,1188.0,1189,1201.0,1216.0,1235.0,1245.0,1259.0,1269.0,1281,1286,1289,1294,1299.0,1303.0,1306.0,1310.0,1312.0,1309,1305,1301,1298,1299,1300,1305,1309,1312,1315,1318,1321,1320,1309,1295,1290,1290,1296,1301,1316,1329,1347,1358,1365,1366,1363,1359,1356,1353,1352,1355,1361,1358,1358,1361,1363,1365,1368,1370,1353,1347,1344,1341,1341,1346,1355,1365,1369,1370.0,1372.0,1372,1370
45,52,South Dakota,46,,,,,,,,867.0,861.0,863.0,858.0,865.0,869.0,867.0,853.0,838.0,830.0,813.0,791.0,777.0,768.0,773.0,775.0,796.0,812.0,820.0,835.0,853.0,866.0,874,878,889.0,906.0,917.0,928,937,941,931,926.0,918.0,903.0,896.0,896,889,884.0,872,864.0,868.0,871.0,879.0,885.0,892.0,906,920,933,952,975.0,993.0,1003.0,1007.0,1007.0,1010,1016,1023,1026,1018,1003,998,996,990,983,986,990,999,1003,1002,997,988,975,972,976,988,995,1005,1010,1018,1025,1028,1030,1028,1026,1018,1013,1006,1001,992,984,980,976,974,983,980,974,967,962,961,964,966,967,983.0,986.0,983,982
46,3,Alaska,47,,,,,1410.0,1407.0,1408.0,1396.0,1387.0,1384.0,1395.0,1408.0,1419.0,1418.0,1412.0,1403.0,1399.0,1402.0,1404.0,1412.0,1421.0,1434.0,1442.0,1436.0,1432.0,1438.0,1455.0,1467.0,1472.0,1473,1468,1462.0,1461.0,1469.0,1476,1488,1497,1501,1505.0,1499.0,1491.0,1487.0,1473,1460,1447.0,1441,1458.0,1490.0,1531.0,1562.0,1581.0,1594.0,1598,1596,1598,1599,1608.0,1626.0,1640.0,1643.0,1637.0,1631,1624,1611,1595,1584,1573,1566,1563,1568,1572,1572,1570,1562,1551,1540,1528,1519,1510,1505,1502,1503,1504,1508,1505,1500,1496,1486,1482,1481,1486,1495,1507,1521,1530,1538,1538,1533,1527,1527,1520,1514,1511,1509,1511,1516,1521,1525,1530,1543.0,1543.0,1526,1531
47,37,North Dakota,48,,,,,,,,,,,,,,,788.0,,,,831.0,842.0,853.0,857.0,858.0,866.0,,,,980.0,984.0,1002,1028,1044.0,1057.0,1057.0,1056,1040,1028,1022,1029.0,1029.0,1025.0,1023.0,1025,1045,1074.0,1094,1119.0,1149.0,1177.0,1183.0,1199.0,1220.0,1241,1250,1256,1263,1266.0,1268.0,1261.0,1237.0,1206.0,1182,1170,1166,1171,1165,1152,1141,1125,1111,1099,1093,1085,1068,1056,1048,1050,1053,1054,1062,1058,1058,1063,1055,1034,1019,1013,1006,998,995,999,1005,1010,1020,1026,1027,1019,1006,997,993,1016,1026,1030,1028,1024,1017,1009,1011,1015,1032.0,1017.0,1030,1049
48,58,Vermont,49,,,,,,,,,1905.0,,1941.0,1991.0,2026.0,2037.0,,,,,,,,,,,,,,,,1391,1400,,,,1199,1178,1164,1165,1175.0,,1220.0,,1224,1210,,1133,1158.0,,,,,,1410,1424,1449,1466,,,,,,1561,1550,1550,1542,1543,1539,1531,1524,1515,1505,1515,1520,1528,1545,1548,1544,1540,1544,1548,1558,1567,1580,1596,1615,1625,1631,1634,1616,1599,1580,1568,1574,1601,1631,1662,1698,1713,1716,1706,1696,1683,1663,1651,1638,1633,1632,1641,1658,1695.0,1676.0,1669,1663
49,12,District of Columbia,50,1943.0,1943.0,1955.0,1974.0,1998.0,2017.0,2027.0,2028.0,2017.0,2006.0,2014.0,2036.0,2049.0,2058.0,2064.0,2070.0,2075.0,2079.0,2089.0,2102.0,2112.0,2120.0,2126.0,2132.0,2140.0,2148.0,2157.0,2165.0,2179.0,2193,2209,2215.0,2210.0,2201.0,2188,2185,2187,2185,2193.0,2194.0,2191.0,2189.0,2174,2159,2145.0,2130,2127.0,2137.0,2153.0,2158.0,2161.0,2158.0,2156,2156,2161,2171,2183.0,2196.0,2204.0,2209.0,2223.0,2234,2237,2234,2231,2234,2235,2237,2251,2260,2271,2284,2300,2306,2306,2301,2296,2294,2288,2283,2286,2294,2302,2310,2311,2307,2292,2275,2269,2263,2259,2255,2255,2272,2291,2309,2319,2321,2322,2322,2321,2319,2319,2320,2323,2329,2336,2344,2351,2358.0,2362.0,2353,2348
50,62,Wyoming,51,,,,,,,,,,,,,,,,,,,,,,,,,,1071.0,1081.0,1073.0,,1015,995,989.0,1001.0,1028.0,1042,1051,1057,1070,1077.0,1064.0,1035.0,1021.0,1002,993,989.0,994,,,,,1170.0,1158.0,1143,1133,1138,1149,1160.0,1169.0,1181.0,1192.0,1201.0,1214,1217,1213,1205,1198,1183,1158,1141,1123,1111,1113,1116,1115,1111,1107,1102,1097,1086,1076,1071,1069,1072,1079,1093,1095,1093,1086,1079,1068,1056,1049,1051,1060,1067,1071,1074,1072,1070,1076,1066,1059,1049,1048,1051,1059,1066,1079,1096,,1156.0,1151,1148
