,RegionName,SizeRank,2010-01,2010-02,2010-03,2010-04,2010-05,2010-06,2010-07,2010-08,2010-09,2010-10,2010-11,2010-12,2011-01,2011-02,2011-03,2011-04,2011-05,2011-06,2011-07,2011-08,2011-09,2011-10,2011-11,2011-12,2012-01,2012-02,2012-03,2012-04,2012-05,2012-06,2012-07,2012-08,2012-09,2012-10,2012-11,2012-12,2013-01,2013-02,2013-03,2013-04,2013-05,2013-06,2013-07,2013-08,2013-09,2013-10,2013-11,2013-12,2014-01,2014-02,2014-03,2014-04,2014-05,2014-06,2014-07,2014-08,2014-09,2014-10,2014-11,2014-12,2015-01,2015-02,2015-03,2015-04,2015-05,2015-06,2015-07,2015-08,2015-09,2015-10,2015-11,2015-12,2016-01,2016-02,2016-03,2016-04,2016-05,2016-06,2016-07,2016-08,2016-09,2016-10,2016-11,2016-12,2017-01,2017-02,2017-03,2017-04,2017-05,2017-06,2017-07,2017-08,2017-09,2017-10,2017-11,2017-12,2018-01,2018-02,2018-03,2018-04,2018-05,2018-06,2018-07,2018-08,2018-09,2018-10,2018-11,2018-12,2019-01,2019-02,2019-03,2019-04,2019-05,2019-06,2019-07,2019-08,2019-09,2019-10,2019-11,2019-12
0,California,1,,,2400.0,2400.0,2400.0,2495.0,2500.0,2595.0,2497.0,2400.0,2300.0,2400.0,2050.0,2100.0,2095.0,2100.0,2135.0,2100.0,2050.0,2000.0,1975.0,1950.0,1895.0,1850.0,1850.0,1835.0,1850.0,1795.0,1780.0,1800.0,1800.0,1795.0,1795.0,1795.0,1775.0,1725.0,1750.0,1750.0,1750.0,1750.0,1750.0,1775.0,1780.0,1700.0,1849.0,1895.0,1850.0,1900.0,1900.0,1850.0,1850.0,1850.0,2000.0,2000.0,2000.0,2075.0,2100.0,2095.0,2095.0,2100.0,2100.0,2100.0,2149.0,2200.0,2200.0,2290.0,2295.0,2300.0,2300.0,2300.0,2300.0,2300.0,2300.0,2350.0,2400.0,2395.0,2395.0,2400.0,2400.0,2395.0,2400.0,2350.0,2400.0,2300.0,2400.0,2500.0,2500.0,2600.0,2650.0,2695.0,2695.0,2695.0,2650.0,2650,2600,2600.0,2600.0,2650.0,2650,2700.0,2750.0,2795.0,2800,2795.0,2750.0,2700.5,2750.0,2750.0,2750.0,2750.0,2750.0,2800,2800.0,2800.0,2800.0,2850,2800.0,2800.0,2800.0,2800.0
1,Texas,2,,,,,,,,,,,,,,,,,,,,,,,,,,,,,,,,,,,,1200.0,1014.0,1058.5,1064.0,1133.0,1140.0,1225.0,1175.0,1195.0,1239.0,1250.0,1250.0,1250.0,1250.0,1250.0,1275.0,1300.0,1350.0,1350.0,1375.0,1375.0,1350.0,1350.0,1350.0,1350.0,1350.0,1375.0,1395.0,1400.0,1425.0,1450.0,1450.0,1450.0,1400.0,1400.0,1400.0,1400.0,1400.0,1400.0,1450.0,1425.0,1400.0,1425.0,1449.5,1425.0,1400.0,1395.0,1400.0,1395.0,1436.5,1450.0,1475.0,1500.0,1500.0,1500.0,1520.0,1500.0,1500.0,1495,1495,1495.0,1495.0,1495.0,1500,1525.0,1550.0,1550.0,1575,1550.0,1549.0,1525.0,1500.0,1500.0,1500.0,1500.0,1550.0,1575,1595.0,1595.0,1600.0,1595,1590.0,1550.0,1550.0,1550.0
2,New York,3,,,,,,,,,,,,,,,3000.0,3300.0,3230.0,3200.0,3100.0,3090.0,2995.0,2800.0,2700.0,2700.0,2550.0,2750.0,2690.0,2695.0,2750.0,2700.0,2700.0,2700.0,2725.0,2785.0,2790.0,2850.0,2800.0,2825.0,2800.0,2850.0,2925.0,2850.0,2750.0,2800.0,2850.0,2895.0,2900.0,3000.0,3000.0,3000.0,2950.0,2950.0,3000.0,3100.0,2975.0,2900.0,2887.0,2850.0,2821.0,2875.0,3000.0,3000.0,3000.0,3188.0,3000.0,3100.0,3200.0,3200.0,3195.0,3095.0,3100.0,3200.0,3200.0,3200.0,3235.0,3300.0,3300.0,3095.0,3000.0,2995.0,2950.0,2975.0,2850.0,2850.0,2899.0,2990.0,3100.0,3200.0,3295.0,3295.0,3200.0,3100.0,3500.0,3250,3250,3350.0,3200.0,3300.0,3200,3295.0,3395.0,3300.0,3300,3200.0,3100.0,3000.0,3000.0,3150.0,3127.5,3200.0,3200.0,3495,3299.0,3295.0,3200.0,3395,3250.0,2950.0,3000.0,3200.0
3,Florida,4,,,,,,,,,,,,,,1450.0,1400.0,1450.0,1430.0,1400.0,1400.0,1400.0,1400.0,1400.0,1400.0,1400.0,1395.0,1400.0,1450.0,1400.0,1400.0,1450.0,1450.0,1450.0,1450.0,1400.0,1425.0,1400.0,1400.0,1425.0,1450.0,1475.0,1495.0,1500.0,1550.0,1500.0,1550.0,1600.0,1650.0,1650.0,1600.0,1559.0,1500.0,1500.0,1600.0,1600.0,1600.0,1600.0,1600.0,1595.0,1575.0,1550.0,1550.0,1575.0,1600.0,1600.0,1650.0,1650.0,1650.0,1700.0,1650.0,1695.0,1700.0,1700.0,1700.0,1750.0,1750.0,1725.0,1695.0,1685.0,1625.0,1600.0,1600.0,1640.0,1750.0,1600.0,1650.0,1650.0,1695.0,1700.0,1700.0,1700.0,1750.0,1770.0,1795.0,1795,1800,1800.0,1799.0,1800.0,1800,1800.0,1800.0,1800.0,1800,1800.0,1800.0,1800.0,1800.0,1800.0,1800.0,1800.0,1850.0,1850,1850.0,1845.0,1800.0,1800,1800.0,1800.0,1795.0,1790.0
4,Illinois,5,1575.0,1500.0,1500.0,1500.0,1500.0,1500.0,1550.0,1520.0,1500.0,1550.0,1595.0,1600.0,1550.0,1525.0,1500.0,1550.0,1575.0,1600.0,1600.0,1600.0,1600.0,1550.0,1500.0,1500.0,1500.0,1500.0,1550.0,1500.0,1500.0,1550.0,1545.0,1550.0,1500.0,1500.0,1490.0,1500.0,1500.0,1495.0,1500.0,1500.0,1525.0,1512.5,1550.0,1560.0,1550.0,1550.0,1535.0,1550.0,1537.0,1500.0,1500.0,1500.0,1599.0,1600.0,1600.0,1600.0,1600.0,1600.0,1550.0,1573.0,1550.0,1575.0,1599.0,1600.0,1600.0,1600.0,1600.0,1600.0,1600.0,1575.0,1595.0,1550.0,1550.0,1575.0,1595.0,1600.0,1600.0,1600.0,1600.0,1600.0,1550.0,1575.0,1550.0,1545.0,1527.0,1550.0,1550.0,1600.0,1600.0,1625.0,1650.0,1625.0,1600.0,1595,1561,1550.0,1550.0,1550.0,1600,1600.0,1600.0,1650.0,1650,1650.0,1600.0,1600.0,1599.0,1565.0,1550.0,1550.0,1600.0,1600,1600.0,1642.5,1647.0,1650,1625.0,1600.0,1595.0,1590.0
5,Pennsylvania,6,,1400.0,1400.0,1400.0,1437.5,1475.0,1400.0,1450.0,1425.0,1400.0,1400.0,1400.0,1300.0,1295.0,1300.0,1350.0,1400.0,1395.0,1375.0,1375.0,1350.0,1295.0,1250.0,1250.0,1200.0,1250.0,1295.0,1300.0,1300.0,1300.0,1300.0,1300.0,1200.0,1200.0,1200.0,1200.0,1200.0,1200.0,1250.0,1280.0,1300.0,1300.0,1280.0,1250.0,1250.0,1275.0,1250.0,1250.0,1250.0,1200.0,1225.0,1250.0,1350.0,1395.0,1350.0,1300.0,1300.0,1295.0,1285.0,1250.0,1287.0,1300.0,1325.0,1375.0,1400.0,1400.0,1400.0,1350.0,1300.0,1300.0,1300.0,1295.0,1295.0,1295.0,1350.0,1395.0,1395.0,1350.0,1350.0,1300.0,1300.0,1295.0,1295.0,1275.0,1275.0,1295.0,1345.0,1395.0,1395.0,1400.0,1395.0,1350.0,1300.0,1300,1300,1300.0,1300.0,1300.0,1350,1375.0,1399.0,1395.0,1350,1350.0,1300.0,1300.0,1300.0,1300.0,1300.0,1330.0,1395.0,1400,1400.0,1400.0,1400.0,1400,1375.0,1350.0,1355.0,1350.0
6,Ohio,7,,,,1200.0,1200.0,1200.0,1200.0,1250.0,1100.0,1095.0,1100.0,1050.0,900.0,899.0,900.0,995.0,1000.0,1000.0,1050.0,1000.0,1000.0,950.0,925.0,900.0,950.0,950.0,950.0,829.0,800.0,850.0,850.0,850.0,850.0,850.0,895.0,850.0,800.0,800.0,824.0,820.0,825.0,825.0,800.0,830.0,945.0,982.0,900.0,1000.0,945.0,917.5,900.0,900.0,1000.0,995.0,900.0,900.0,980.0,975.0,950.0,950.0,950.0,975.0,997.0,1000.0,1019.5,1050.0,1000.0,1000.0,1000.0,1000.0,1045.0,1000.0,1000.0,1000.0,1100.0,1100.0,1075.0,1095.0,1100.0,1075.0,985.0,995.0,975.0,950.0,975.0,950.0,999.0,1050.0,1050.0,1050.0,1050.0,1050.0,1050.0,1025,1000,1000.0,995.0,999.0,1050,1100.0,1100.0,1100.0,1100,1075.0,1095.0,1075.0,1015.0,1025.0,1025.0,1065.0,1100.0,1100,1100.0,1100.0,1100.0,1100,1100.0,1100.0,1095.0,1095.0
7,Michigan,8,,1150.0,1200.0,1200.0,1200.0,1250.0,1200.0,1200.0,1200.0,1165.0,1150.0,1100.0,1000.0,1000.0,1000.0,1050.0,1100.0,1100.0,1100.0,1100.0,1000.0,850.0,820.0,825.0,850.0,850.0,850.0,850.0,850.0,850.0,850.0,850.0,850.0,850.0,850.0,850.0,825.0,825.0,850.0,850.0,850.0,850.0,850.0,875.0,900.0,900.0,900.0,900.0,900.0,895.0,895.0,899.0,900.0,900.0,900.0,925.0,950.0,950.0,875.0,925.0,900.0,900.0,942.0,950.0,950.0,950.0,975.0,975.0,975.0,995.0,995.0,975.0,975.0,975.0,1000.0,1000.0,1000.0,1000.0,1075.0,1050.0,1000.0,1095.0,1050.0,1000.0,1000.0,1000.0,1025.0,1050.0,1099.0,1100.0,1125.0,1100.0,1100.0,1100,1095,1050.0,1049.0,1050.0,1100,1150.0,1159.5,1160.0,1150,1125.0,1175.0,1150.0,1149.0,1100.0,1100.0,1100.0,1150.0,1200,1200.0,1200.0,1200.0,1200,1200.0,1200.0,1200.0,1150.0
8,Georgia,9,1037.5,1150.0,1195.0,1200.0,1200.0,1200.0,1200.0,1200.0,1200.0,1197.0,1190.0,1200.0,1150.0,1100.0,1100.0,1150.0,1150.0,1150.0,1100.0,1100.0,1100.0,1100.0,1050.0,1050.0,1050.0,1045.0,1050.0,1000.0,1050.0,1075.0,1050.0,1050.0,1050.0,1025.0,1000.0,1000.0,1000.0,995.0,1000.0,1000.0,1055.0,1050.0,1050.0,1050.0,1050.0,1075.0,1050.0,1095.0,1075.0,1050.0,1050.0,1050.0,1100.0,1100.0,1100.0,1100.0,1100.0,1100.0,1100.0,1100.0,1100.0,1100.0,1110.0,1150.0,1175.0,1195.0,1195.0,1150.0,1150.0,1150.0,1150.0,1150.0,1150.0,1150.0,1200.0,1200.0,1200.0,1200.0,1235.0,1200.0,1200.0,1221.0,1220.0,1200.0,1249.0,1250.0,1275.0,1300.0,1310.0,1325.0,1345.0,1300.0,1300.0,1300,1300,1300.0,1300.0,1300.0,1335,1375.0,1395.0,1395.0,1400,1395.0,1350.0,1350.0,1350.0,1360.0,1375.0,1395.0,1400.0,1435,1455.0,1480.0,1475.0,1450,1450.0,1445.0,1445.0,1445.0
9,North Carolina,10,,1000.0,997.0,1025.0,1100.0,1100.0,1100.0,1150.0,1150.0,1100.0,1100.0,1150.0,1000.0,995.0,999.0,1007.5,1050.0,1050.0,1050.0,1050.0,1025.0,1000.0,1000.0,995.0,995.0,1000.0,1000.0,1025.0,1050.0,1050.0,1050.0,1000.0,1000.0,999.0,995.0,995.0,995.0,975.0,995.0,1000.0,1050.0,1050.0,1050.0,1050.0,1050.0,1050.0,1050.0,1050.0,1020.0,1025.0,1050.0,1050.0,1100.0,1100.0,1095.0,1095.0,1075.0,1075.0,1050.0,1050.0,1095.0,1095.0,1100.0,1100.0,1100.0,1100.0,1100.0,1100.0,1097.0,1097.0,1099.0,1095.0,1100.0,1100.0,1100.0,1150.0,1150.0,1150.0,1195.0,1190.0,1150.0,1150.0,1150.0,1150.0,1195.0,1200.0,1200.0,1250.0,1250.0,1270.0,1275.0,1250.0,1250.0,1250,1275,1280.0,1275.0,1250.0,1300,1310.0,1325.0,1325.0,1325,1300.0,1300.0,1300.0,1325.0,1350.0,1325.0,1350.0,1350.0,1400,1400.0,1400.0,1400.0,1400,1399.0,1395.0,1395.0,1395.0
10,New Jersey,11,,1650.0,1650.0,1650.0,1675.0,1650.0,1650.0,1600.0,1600.0,1650.0,1650.0,1700.0,1700.0,1700.0,1700.0,1775.0,1800.0,1800.0,1800.0,1750.0,1700.0,1650.0,1800.0,1875.0,1850.0,1900.0,1900.0,1950.0,1995.0,2000.0,1950.0,1900.0,1850.0,1800.0,1850.0,1800.0,1800.0,1800.0,1850.0,1900.0,1950.0,1800.0,1800.0,1750.0,1750.0,1750.0,1750.0,1750.0,1775.0,1750.0,1750.0,1750.0,1850.0,1875.0,1850.0,1850.0,1800.0,1800.0,1795.0,1795.0,1800.0,1800.0,1850.0,1900.0,1925.0,1900.0,1950.0,1900.0,1850.0,1800.0,1800.0,1800.0,1850.0,1850.0,1900.0,1900.0,1900.0,1950.0,1900.0,1900.0,1850.0,1850.0,1800.0,1800.0,1850.0,1850.0,1875.0,1950.0,2000.0,2000.0,2000.0,1950.0,1900.0,1875,1895,1850.0,1850.0,1850.0,1900,1950.0,2000.0,2000.0,2000,1995.0,1950.0,1900.0,1900.0,1900.0,1950.0,1980.0,1995.0,2000,2100.0,2100.0,2000.0,2000,2000.0,2000.0,1975.0,1975.0
11,Virginia,12,,1350.0,1300.0,1350.0,1400.0,1450.0,1500.0,1450.0,1395.0,1325.0,1350.0,1400.0,1350.0,1350.0,1395.0,1450.0,1500.0,1500.0,1500.0,1495.0,1450.0,1400.0,1395.0,1375.0,1352.5,1375.0,1400.0,1400.0,1450.0,1500.0,1495.0,1465.0,1450.0,1400.0,1450.0,1400.0,1400.0,1449.0,1490.0,1495.0,1500.0,1500.0,1500.0,1500.0,1525.0,1525.0,1500.0,1500.0,1495.0,1475.0,1495.0,1495.0,1595.0,1600.0,1625.0,1600.0,1595.0,1575.0,1550.0,1550.0,1550.0,1550.0,1550.0,1595.0,1600.0,1650.0,1650.0,1625.0,1600.0,1595.0,1575.0,1550.0,1550.0,1550.0,1575.0,1600.0,1650.0,1600.0,1650.0,1650.0,1600.0,1600.0,1595.0,1525.0,1550.0,1550.0,1550.0,1600.0,1650.0,1675.0,1695.0,1650.0,1600.0,1600,1600,1600.0,1595.0,1599.0,1600,1650.0,1700.0,1725.0,1750,1700.0,1700.0,1650.0,1650.0,1650.0,1650.0,1650.0,1695.0,1700,1770.0,1800.0,1795.0,1750,1745.0,1700.0,1695.0,1660.0
12,Washington,13,1200.0,1200.0,1350.0,1350.0,1395.0,1400.0,1495.0,1550.0,1500.0,1495.0,1495.0,1400.0,1395.0,1395.0,1400.0,1400.0,1450.0,1485.0,1450.0,1400.0,1395.0,1375.0,1300.0,1299.0,1295.0,1295.0,1300.0,1345.0,1350.0,1350.0,1375.0,1350.0,1350.0,1350.0,1334.0,1300.0,1295.0,1295.0,1299.0,1345.0,1395.0,1395.0,1375.0,1400.0,1400.0,1450.0,1490.0,1495.0,1450.0,1450.0,1450.0,1425.0,1495.0,1495.0,1500.0,1500.0,1500.0,1500.0,1500.0,1495.0,1500.0,1500.0,1500.0,1525.0,1550.0,1595.0,1600.0,1650.0,1600.0,1600.0,1600.0,1600.0,1600.0,1620.0,1600.0,1600.0,1650.0,1695.0,1750.0,1725.0,1750.0,1700.0,1700.0,1695.0,1775.0,1795.0,1800.0,1889.5,1950.0,1999.5,2025.0,2000.0,1995.0,1950,1950,1925.0,1925.0,1925.0,1950,1995.0,2000.0,2100.0,2100,2100.0,2000.0,1995.0,1990.0,1950.0,1975.0,1950.0,1995.0,2000,2100.0,2100.0,2145.0,2100,2000.0,1995.0,1995.0,1995.0
13,Massachusetts,14,,1530.0,1575.0,1700.0,1575.0,1800.0,1562.5,1600.0,1650.0,1691.0,1700.0,1800.0,1800.0,1750.0,1705.0,1800.0,1825.0,1850.0,1900.0,1850.0,1845.0,1800.0,1800.0,1800.0,1800.0,1900.0,1950.0,2000.0,2000.0,2050.0,2050.0,2000.0,2000.0,2000.0,2000.0,2000.0,2100.0,2140.0,2100.0,2200.0,2200.0,2200.0,2255.0,2200.0,2200.0,2200.0,2200.0,2200.0,2202.0,2200.0,2200.0,2250.0,2400.0,2400.0,2400.0,2400.0,2300.0,2250.0,2240.0,2295.0,2400.0,2450.0,2450.0,2489.5,2495.0,2500.0,2495.0,2400.0,2400.0,2300.0,2350.0,2400.0,2500.0,2572.5,2500.0,2500.0,2500.0,2500.0,2500.0,2475.0,2400.0,2375.0,2397.0,2350.0,2450.0,2500.0,2500.0,2600.0,2600.0,2595.0,2595.0,2500.0,2500.0,2435,2450,2500.0,2500.0,2500.0,2600,2700.0,2600.0,2650.0,2600,2500.0,2500.0,2450.0,2500.0,2500.0,2550.0,2600.0,2695.0,2700,2700.0,2700.0,2695.0,2595,2500.0,2500.0,2500.0,2500.0
14,Indiana,15,,1200.0,1200.0,1250.0,1250.0,1250.0,1250.0,1300.0,1150.0,1150.0,1150.0,1095.0,937.0,925.0,950.0,960.0,950.0,895.0,862.5,875.0,850.0,825.0,825.0,850.0,850.0,895.0,850.0,800.0,799.0,799.0,800.0,850.0,845.0,825.0,800.0,765.0,765.0,775.0,800.0,825.0,850.0,850.0,875.0,850.0,900.0,900.0,900.0,950.0,925.0,900.0,900.0,900.0,995.0,975.0,925.0,955.0,992.5,995.0,925.0,950.0,950.0,975.0,1000.0,1050.0,1050.0,1025.0,995.0,975.0,950.0,950.0,950.0,900.0,925.0,950.0,995.0,1000.0,1025.0,1022.0,1050.0,1000.0,975.0,950.0,1000.0,990.0,975.0,1000.0,1025.0,1050.0,1090.0,1095.0,1095.0,1070.0,1050.0,1045,1000,999.0,1000.0,1015.0,1095,1115.0,1100.0,1100.0,1100,1095.0,1095.0,1075.0,1050.0,1025.0,1000.0,1025.0,1085.0,1100,1100.0,1100.0,1100.0,1145,1110.0,1100.0,1095.0,1050.0
15,Arizona,16,,,1400.0,1377.5,1300.0,1299.0,1250.0,1295.0,1250.0,1200.0,1250.0,1200.0,1150.0,1150.0,1145.0,1175.0,1150.0,1150.0,1100.0,1100.0,1100.0,1095.0,1095.0,1095.0,1095.0,1095.0,1100.0,1100.0,1100.0,1100.0,1100.0,1100.0,1100.0,1095.0,1095.0,1095.0,1095.0,1095.0,1095.0,1100.0,1100.0,1100.0,1100.0,1050.0,1100.0,1100.0,1100.0,1100.0,1100.0,1100.0,1100.0,1100.0,1175.0,1195.0,1175.0,1195.0,1175.0,1150.0,1175.0,1175.0,1195.0,1200.0,1200.0,1250.0,1250.0,1250.0,1240.0,1225.0,1210.0,1200.0,1225.0,1250.0,1250.0,1250.0,1295.0,1300.0,1250.0,1250.0,1250.0,1250.0,1225.0,1250.0,1250.0,1200.0,1250.0,1295.0,1300.0,1350.0,1350.0,1367.5,1375.0,1350.0,1350.0,1350,1350,1350.0,1350.0,1395.0,1400,1425.0,1450.0,1450.0,1450,1450.0,1435.0,1425.0,1449.0,1450.0,1450.0,1470.0,1500.0,1500,1545.0,1550.0,1550.0,1550,1545.0,1495.0,1499.0,1495.0
16,Tennessee,17,,,1150.0,1200.0,1300.0,1350.0,1298.0,1250.0,1250.0,1250.0,1200.0,1195.0,1095.0,1025.0,1090.0,1100.0,1150.0,1190.0,1150.0,1150.0,1150.0,1100.0,1085.0,1050.0,1050.0,1075.0,1100.0,1100.0,1100.0,1100.0,1100.0,1100.0,1075.0,1050.0,1025.0,995.0,995.0,975.0,995.0,999.0,985.0,1025.0,1000.0,995.0,1025.0,1095.0,1095.0,1095.0,1075.0,1049.0,1050.0,1050.0,1100.0,1100.0,1100.0,1100.0,1100.0,1100.0,1100.0,1095.0,1095.0,1095.0,1100.0,1100.0,1100.0,1145.0,1150.0,1150.0,1125.0,1100.0,1125.0,1100.0,1100.0,1125.0,1150.0,1195.0,1195.0,1195.0,1200.0,1195.0,1195.0,1150.0,1195.0,1150.0,1195.0,1195.0,1200.0,1250.0,1250.0,1295.0,1295.0,1295.0,1295.0,1275,1275,1295.0,1295.0,1280.0,1295,1300.0,1300.0,1300.0,1325,1300.0,1300.0,1295.0,1299.0,1300.0,1295.0,1300.0,1300.0,1350,1395.0,1395.0,1400.0,1395,1375.0,1350.0,1350.0,1375.0
17,Missouri,18,,1175.0,1250.0,1100.0,1100.0,1100.0,1072.5,1150.0,1050.0,1000.0,1000.0,1050.0,900.0,925.0,950.0,1000.0,1000.0,995.0,975.0,975.0,950.0,950.0,950.0,950.0,995.0,927.5,950.0,950.0,925.0,925.0,900.0,900.0,900.0,895.0,875.0,850.0,850.0,850.0,850.0,850.0,850.0,850.0,850.0,850.0,850.0,895.0,875.0,895.0,875.0,850.0,850.0,875.0,900.0,900.0,925.0,900.0,900.0,900.0,895.0,875.0,895.0,885.0,895.0,895.0,895.0,920.0,900.0,900.0,900.0,900.0,895.0,875.0,875.0,895.0,900.0,900.0,950.0,950.0,950.0,950.0,925.0,925.0,915.0,950.0,900.0,900.0,910.0,930.0,950.0,965.0,975.0,975.0,975.0,955,950,950.0,950.0,950.0,950,995.0,995.0,1000.0,1000,1000.0,1000.0,1000.0,999.0,995.0,982.5,995.0,1000.0,1000,1000.0,1050.0,1050.0,1050,1050.0,1045.0,1025.0,1042.5
18,Maryland,19,,1600.0,1600.0,1600.0,1650.0,1700.0,1700.0,1700.0,1695.0,1650.0,1600.0,1645.0,1600.0,1600.0,1595.0,1600.0,1650.0,1665.0,1699.0,1695.0,1650.0,1600.0,1600.0,1600.0,1600.0,1595.0,1600.0,1500.0,1500.0,1575.0,1550.0,1575.0,1575.0,1550.0,1590.0,1525.0,1550.0,1550.0,1575.0,1590.0,1600.0,1600.0,1600.0,1600.0,1621.0,1650.0,1600.0,1699.0,1650.0,1613.0,1600.0,1600.0,1700.0,1700.0,1750.0,1750.0,1700.0,1700.0,1695.0,1690.0,1695.0,1695.0,1700.0,1700.0,1700.0,1750.0,1750.0,1700.0,1700.0,1695.0,1695.0,1650.0,1650.0,1650.0,1650.0,1695.0,1700.0,1700.0,1750.0,1750.0,1680.0,1695.0,1695.0,1650.0,1650.0,1650.0,1650.0,1700.0,1700.0,1750.0,1750.0,1750.0,1700.0,1700,1695,1650.0,1650.0,1650.0,1700,1700.0,1750.0,1795.0,1795,1750.0,1700.0,1700.0,1700.0,1700.0,1700.0,1700.0,1700.0,1700,1750.0,1775.0,1775.0,1750,1750.0,1700.0,1712.5,1700.0
19,Wisconsin,20,,,,,,,,,,999.5,1000.0,1100.0,1083.5,999.0,1030.0,1095.0,1195.0,1200.0,1250.0,1112.5,1195.0,1100.0,1150.0,1199.5,1195.0,1150.0,1195.0,1195.0,1150.0,1150.0,1150.0,1200.0,1200.0,1200.0,1200.0,1195.0,1000.0,1000.0,1062.5,1095.0,1100.0,1050.0,995.0,1045.0,1175.0,1200.0,1200.0,1200.0,1150.0,1100.0,1050.0,1100.0,1150.0,1150.0,1150.0,1150.0,1200.0,1199.0,1100.0,1095.0,1100.0,1090.0,1112.5,1150.0,1137.5,1150.0,1145.0,1150.0,1095.0,1095.0,1080.0,1095.0,1095.0,1150.0,1195.0,1150.0,1195.0,1075.0,1195.0,1100.0,1100.0,1100.0,1095.0,1060.0,1150.0,1150.0,1190.0,1200.0,1195.0,1200.0,1200.0,1200.0,1167.5,1199,1150,1150.0,1150.0,1150.0,1200,1200.0,1200.0,1200.0,1200,1175.0,1195.0,1200.0,1195.0,1200.0,1195.0,1200.0,1200.0,1250,1250.0,1215.0,1200.0,1200,1200.0,1200.0,1200.0,1200.0
20,Minnesota,21,,,,1535.0,1400.0,1537.5,1697.5,1650.0,1485.0,1400.0,1395.0,1420.0,1300.0,1300.0,1300.0,1375.0,1350.0,1350.0,1350.0,1385.0,1350.0,1350.0,1300.0,1295.0,1295.0,1295.0,1295.0,1295.0,1295.0,1300.0,1300.0,1300.0,1350.0,1350.0,1300.0,1345.0,1320.0,1300.0,1300.0,1325.0,1350.0,1350.0,1300.0,1300.0,1350.0,1375.0,1395.0,1395.0,1395.0,1395.0,1395.0,1395.0,1395.0,1395.0,1395.0,1400.0,1395.0,1395.0,1395.0,1395.0,1395.0,1395.0,1395.0,1395.0,1425.0,1425.0,1420.0,1400.0,1400.0,1400.0,1400.0,1400.0,1425.0,1400.0,1425.0,1400.0,1425.0,1400.0,1450.0,1420.0,1425.0,1400.0,1400.0,1400.0,1450.0,1450.0,1450.0,1490.0,1495.0,1495.0,1499.0,1495.0,1495.0,1475,1499,1500.0,1495.0,1500.0,1500,1550.0,1575.0,1595.0,1595,1595.0,1595.0,1600.0,1640.0,1600.0,1595.0,1600.0,1599.0,1600,1600.0,1600.0,1600.0,1600,1600.0,1600.0,1600.0,1600.0
21,Colorado,22,,,,,,,,,,,,,,,,1295.0,1300.0,1295.0,1295.0,1295.0,1295.0,1275.0,1250.0,1200.0,1200.0,1250.0,1250.0,1295.0,1295.0,1299.0,1300.0,1295.0,1295.0,1295.0,1295.0,1275.0,1295.0,1295.0,1295.0,1350.0,1295.0,1295.0,1300.0,1300.0,1325.0,1350.0,1382.5,1350.0,1362.5,1350.0,1350.0,1350.0,1400.0,1400.0,1450.0,1450.0,1495.0,1495.0,1495.0,1450.0,1495.0,1500.0,1595.0,1600.0,1600.0,1600.0,1650.0,1695.0,1695.0,1695.0,1695.0,1675.0,1700.0,1700.0,1750.0,1700.0,1700.0,1695.0,1695.0,1750.0,1695.0,1695.0,1700.0,1650.0,1700.0,1750.0,1795.0,1800.0,1800.0,1850.0,1850.0,1800.0,1800.0,1800,1800,1800.0,1800.0,1850.0,1900,1900.0,1900.0,1905.5,1900,1900.0,1900.0,1895.0,1895.0,1900.0,1900.0,1925.0,1950.0,1975,1995.0,1995.0,1975.0,1995,2000.0,2000.0,1995.0,2000.0
22,Alabama,23,,,,,1095.0,1100.0,1100.0,1050.0,995.0,950.0,995.0,975.0,992.5,950.0,950.0,1000.0,1000.0,995.0,1000.0,995.0,950.0,950.0,995.0,995.0,975.0,995.0,1000.0,825.0,818.0,850.0,850.0,850.0,836.5,850.0,875.0,850.0,850.0,850.0,850.0,850.0,850.0,845.0,850.0,850.0,925.0,925.0,850.0,907.5,850.0,850.0,850.0,850.0,950.0,950.0,975.0,950.0,950.0,950.0,925.0,950.0,925.0,900.0,925.0,950.0,950.0,950.0,950.0,950.0,925.0,950.0,950.0,950.0,950.0,950.0,975.0,975.0,975.0,1000.0,1000.0,995.0,950.0,975.0,995.0,950.0,995.0,1000.0,1000.0,1000.0,1000.0,1000.0,1000.0,995.0,995.0,995,995,995.0,985.0,985.0,1000,1000.0,1025.0,1050.0,1050,1000.0,1000.0,1000.0,1050.0,1035.0,1000.0,1000.0,1050.0,1095,1095.0,1095.0,1065.0,1050,1045.0,1050.0,1050.0,1050.0
23,South Carolina,24,,,1100.0,1200.0,1200.0,1200.0,1192.5,1195.0,1150.0,1125.0,1100.0,1100.0,1050.0,1025.0,1075.0,1100.0,1150.0,1100.0,1100.0,1100.0,1100.0,1095.0,1050.0,1050.0,1050.0,1050.0,1100.0,1095.0,1100.0,1100.0,1100.0,1100.0,1100.0,1100.0,1100.0,1095.0,1075.0,1075.0,1095.0,1100.0,1100.0,1100.0,1125.0,1150.0,1175.0,1195.0,1150.0,1150.0,1150.0,1125.0,1100.0,1145.0,1195.0,1195.0,1200.0,1200.0,1200.0,1195.0,1180.0,1195.0,1195.0,1200.0,1200.0,1250.0,1250.0,1250.0,1230.0,1230.0,1200.0,1200.0,1195.0,1200.0,1200.0,1200.0,1250.0,1250.0,1275.0,1295.0,1250.0,1250.0,1250.0,1200.0,1250.0,1200.0,1250.0,1250.0,1275.0,1350.0,1350.0,1350.0,1300.0,1300.0,1325.0,1300,1300,1300.0,1300.0,1300.0,1350,1395.0,1395.0,1395.0,1395,1350.0,1350.0,1350.0,1300.5,1300.0,1325.0,1350.0,1350.0,1375,1400.0,1400.0,1400.0,1395,1350.0,1342.5,1350.0,1350.0
24,Louisiana,25,,1200.0,1200.0,1200.0,1250.0,1250.0,1300.0,1225.0,1122.5,1100.0,1100.0,1200.0,1200.0,1200.0,1200.0,1250.0,1250.0,1200.0,1285.0,1272.5,1200.0,1173.5,1200.0,1200.0,1200.0,1200.0,1200.0,1200.0,1200.0,1200.0,1200.0,1200.0,1200.0,1175.0,1150.0,1100.0,1150.0,1150.0,1150.0,1150.0,1195.0,1185.0,1100.0,1100.0,1195.0,1200.0,1200.0,1200.0,1197.5,1150.0,1150.0,1150.0,1200.0,1200.0,1200.0,1200.0,1200.0,1200.0,1200.0,1200.0,1200.0,1200.0,1200.0,1250.0,1250.0,1250.0,1295.0,1300.0,1250.0,1200.0,1200.0,1200.0,1200.0,1200.0,1250.0,1300.0,1250.0,1200.0,1250.0,1250.0,1200.0,1200.0,1200.0,1200.0,1200.0,1200.0,1250.0,1292.5,1297.5,1300.0,1300.0,1295.0,1250.0,1250,1250,1250.0,1200.0,1200.0,1250,1295.0,1300.0,1285.0,1250,1250.0,1250.0,1250.0,1200.0,1200.0,1200.0,1200.0,1250.0,1295,1275.0,1250.0,1250.0,1200,1200.0,1200.0,1200.0,1200.0
25,Kentucky,26,,,,,1200.0,1195.0,1200.0,1050.0,1050.0,1050.0,1100.0,1095.0,950.0,900.0,900.0,950.0,950.0,950.0,995.0,995.0,975.0,950.0,925.0,925.0,895.0,900.0,925.0,897.0,850.0,850.0,850.0,850.0,950.0,850.0,850.0,850.0,850.0,825.0,850.0,850.0,875.0,850.0,850.0,850.0,900.0,950.0,895.0,927.0,900.0,895.0,895.0,900.0,950.0,950.0,950.0,950.0,995.0,975.0,987.5,975.0,975.0,987.0,995.0,1000.0,1000.0,995.0,1000.0,999.0,995.0,950.0,975.0,975.0,995.0,995.0,999.0,1000.0,1000.0,1000.0,1030.0,1000.0,995.0,999.0,1000.0,995.0,1000.0,999.0,1050.0,1096.5,1100.0,1100.0,1100.0,1099.5,1095.0,1075,1050,1045.0,1045.0,1079.5,1100,1175.0,1175.0,1150.0,1150,1100.0,1095.0,1095.0,1087.5,1050.0,1050.0,1099.0,1125.0,1150,1195.0,1175.0,1150.0,1125,1150.0,1145.0,1145.0,1100.0
26,Oregon,27,,,,,,,,,,,,,1100.0,1100.0,1095.0,1125.0,1195.0,1195.0,1195.0,1200.0,1225.0,1195.0,1195.0,1175.0,1150.0,1150.0,1150.0,1195.0,1195.0,1195.0,1200.0,1200.0,1250.0,1200.0,1195.0,1186.0,1150.0,1150.0,1114.0,1125.0,1195.0,1199.0,1195.0,1200.0,1250.0,1295.0,1295.0,1280.0,1250.0,1250.0,1250.0,1250.0,1300.0,1300.0,1395.0,1395.0,1399.0,1395.0,1395.0,1395.0,1395.0,1395.0,1395.0,1395.0,1400.0,1445.0,1495.0,1500.0,1500.0,1500.0,1500.0,1500.0,1500.0,1550.0,1595.0,1580.0,1595.0,1500.0,1595.0,1600.0,1600.0,1600.0,1595.0,1595.0,1600.0,1695.0,1695.0,1700.0,1750.0,1795.0,1795.0,1795.0,1750.0,1750,1695,1695.0,1700.0,1700.0,1700,1750.0,1775.0,1795.0,1800,1795.0,1795.0,1750.0,1700.0,1700.0,1700.0,1700.0,1700.0,1750,1795.0,1800.0,1850.0,1850,1895.0,1850.0,1850.0,1800.0
27,Oklahoma,28,,,,,,,,,,1000.0,1037.5,1000.0,1000.0,925.0,900.0,875.0,895.0,950.0,975.0,895.0,925.0,850.0,850.0,875.0,895.0,895.0,950.0,850.0,850.0,895.0,875.0,925.0,895.0,900.0,950.0,895.0,875.0,875.0,900.0,895.0,900.0,900.0,900.0,900.0,950.0,1000.0,1000.0,1050.0,995.0,995.0,1000.0,1020.0,1100.0,1150.0,1150.0,1175.0,1100.0,1100.0,1095.0,1095.0,1050.0,1095.0,1150.0,1175.0,1175.0,1150.0,1150.0,1105.0,1095.0,1075.0,1075.0,1050.0,1042.5,1050.0,1100.0,1090.0,1095.0,1095.0,1047.0,1050.0,1050.0,995.0,1000.0,1000.0,995.0,995.0,1050.0,1095.0,1095.0,1095.0,1095.0,1050.0,999.0,995,995,995.0,995.0,995.0,1000,1050.0,1050.0,1050.0,1000,1000.0,995.0,999.0,1000.0,999.0,1000.0,1000.0,1025.0,1095,1095.0,1050.0,1095.0,1050,1050.0,1000.0,1000.0,1000.0
28,Connecticut,29,,1700.0,1800.0,1900.0,1850.0,2000.0,1875.0,1800.0,1700.0,1700.0,1700.0,1750.0,1800.0,1750.0,1800.0,2000.0,2100.0,2100.0,1950.0,1900.0,1800.0,1797.5,1700.0,1700.0,1650.0,1650.0,1700.0,1700.0,1650.0,1750.0,1700.0,1650.0,1600.0,1600.0,1550.0,1500.0,1500.0,1500.0,1500.0,1550.0,1600.0,1600.0,1600.0,1600.0,1750.0,1795.0,1700.0,1700.0,1675.0,1650.0,1650.0,1695.0,1800.0,1800.0,1800.0,1800.0,1750.0,1700.0,1700.0,1675.0,1700.0,1700.0,1750.0,1750.0,1750.0,1800.0,1800.0,1800.0,1750.0,1700.0,1700.0,1700.0,1700.0,1700.0,1750.0,1800.0,1795.0,1700.0,1700.0,1700.0,1662.5,1675.0,1650.0,1675.0,1675.0,1695.0,1750.0,1800.0,1800.0,1800.0,1800.0,1800.0,1750.0,1700,1700,1700.0,1700.0,1700.0,1750,1800.0,1800.0,1800.0,1800,1800.0,1800.0,1700.0,1750.0,1700.0,1725.0,1750.0,1800.0,1800,1850.0,1850.0,1850.0,1800,1800.0,1800.0,1800.0,1800.0
29,Iowa,30,,,,,,,,,,,,,,,,,1050.0,1195.0,1095.0,1040.0,1150.0,1100.0,1050.0,985.0,962.5,980.0,995.0,900.0,900.0,950.0,975.0,950.0,975.0,990.0,995.0,975.0,900.0,925.0,900.0,950.0,970.0,975.0,900.0,900.0,985.0,1050.0,1000.0,1050.0,995.0,975.0,995.0,995.0,1050.0,1095.0,975.0,950.0,1025.0,1000.0,925.0,1000.0,950.0,950.0,1050.0,1050.0,1100.0,1087.5,1095.0,1075.0,1025.0,1020.0,1055.0,1100.0,1100.0,1100.0,1100.0,1100.0,1100.0,1062.5,1050.0,1050.0,1050.0,1050.0,1050.0,1025.0,1045.0,1050.0,1059.0,1095.0,1100.0,1096.5,1095.0,1054.0,1050.0,1080,1095,1080.0,1075.0,1095.0,1095,1090.0,1100.0,1100.0,1095,1085.0,1080.0,1050.0,1050.0,1050.0,1050.0,1050.0,1075.0,1100,1100.0,1100.0,1100.0,1100,1095.0,1100.0,1100.0,1075.0
30,Mississippi,31,,,,,,,,,,,,850.0,800.0,850.0,900.0,950.0,950.0,900.0,900.0,900.0,937.5,900.0,900.0,950.0,950.0,907.5,900.0,895.0,900.0,900.0,900.0,850.0,895.0,895.0,875.0,900.0,900.0,895.0,895.0,895.0,895.0,870.0,860.0,875.0,900.0,925.0,885.0,900.0,900.0,900.0,900.0,900.0,900.0,950.0,950.0,1000.0,995.0,980.0,995.0,975.0,975.0,975.0,1050.0,1000.0,1072.5,1000.0,1000.0,1050.0,1000.0,995.0,1000.0,992.5,902.5,950.0,1025.0,1000.0,1100.0,1100.0,1050.0,1000.0,1095.0,1015.0,1050.0,1100.0,1050.0,1050.0,1095.0,1100.0,1095.0,1100.0,1100.0,1100.0,1100.0,1100,1100,1100.0,1100.0,1100.0,1100,1150.0,1130.0,1150.0,1195,1175.0,1175.0,1147.0,1145.0,1150.0,1150.0,1179.0,1200.0,1200,1195.0,1160.0,1150.0,1150,1122.5,1167.5,1175.0,1150.0
31,Arkansas,32,,900.0,900.0,850.0,850.0,900.0,897.5,895.0,850.0,850.0,875.0,850.0,850.0,825.0,850.0,850.0,885.0,900.0,900.0,900.0,895.0,875.0,850.0,875.0,850.0,850.0,850.0,850.0,850.0,900.0,900.0,900.0,900.0,925.0,900.0,895.0,900.0,875.0,900.0,925.0,925.0,900.0,900.0,900.0,925.0,950.0,950.0,950.0,950.0,950.0,950.0,950.0,995.0,995.0,950.0,950.0,975.0,975.0,975.0,975.0,995.0,995.0,1000.0,1000.0,1000.0,995.0,1000.0,1000.0,995.0,1000.0,1000.0,1000.0,1000.0,1000.0,1095.0,1050.0,1050.0,1050.0,1000.0,995.0,995.0,1000.0,1000.0,995.0,995.0,1000.0,1050.0,1100.0,1100.0,1100.0,1095.0,1050.0,1050.0,1000,1000,1000.0,1025.0,1050.0,1050,1100.0,1100.0,1095.0,1100,1095.0,1050.0,1050.0,1050.0,1050.0,1050.0,1095.0,1100.0,1100,1100.0,1100.0,1100.0,1100,1050.0,1050.0,1075.0,1050.0
32,Kansas,33,,,,,,,,,,,,,850.0,760.0,825.0,950.0,950.0,950.0,999.0,995.0,1000.0,995.0,895.0,895.0,900.0,975.0,997.0,1095.0,1097.0,1032.0,1000.0,997.0,1000.0,975.0,995.0,950.0,950.0,995.0,1000.0,1050.0,1095.0,1050.0,950.0,950.0,975.0,1050.0,997.0,1000.0,1000.0,1000.0,1000.0,1000.0,1080.0,1100.0,1095.0,1080.0,1050.0,1050.0,1050.0,1050.0,1050.0,1075.0,1100.0,1100.0,1100.0,1100.0,1100.0,1095.0,1050.0,1050.0,1050.0,1050.0,1095.0,1100.0,1100.0,1100.0,1150.0,1140.0,1100.0,1050.0,1000.0,1000.0,975.0,1000.0,1000.0,1095.0,1100.0,1100.0,1100.0,1125.0,1100.0,1050.0,1025.0,1000,1050,1095.0,1095.0,1100.0,1100,1100.0,1125.0,1100.0,1095,1075.0,1075.0,1050.0,1050.0,1075.0,1095.0,1095.0,1099.0,1100,1100.0,1100.0,1092.5,1050,1000.0,1000.0,1047.5,1025.0
33,Utah,34,,,,,,,,,,,,,,,,1195.0,1192.5,1200.0,1200.0,1200.0,1150.0,1100.0,1100.0,1095.0,1095.0,1075.0,1050.0,1100.0,1100.0,1125.0,1100.0,1150.0,1150.0,1172.5,1195.0,1150.0,1150.0,1150.0,1175.0,1150.0,1150.0,1195.0,1195.0,1199.0,1250.0,1250.0,1250.0,1200.0,1200.0,1195.0,1199.0,1195.0,1195.0,1200.0,1200.0,1200.0,1250.0,1250.0,1200.0,1208.0,1200.0,1225.0,1250.0,1250.0,1250.0,1250.0,1250.0,1225.0,1225.0,1245.0,1210.0,1247.5,1200.0,1235.0,1250.0,1220.5,1250.0,1275.0,1295.0,1325.0,1300.0,1300.0,1300.0,1295.0,1300.0,1300.0,1350.0,1395.0,1350.0,1395.0,1400.0,1416.0,1450.0,1425,1400,1400.0,1400.0,1400.0,1435,1495.0,1495.0,1495.0,1495,1495.0,1500.0,1500.0,1500.0,1495.0,1495.0,1495.0,1500.0,1500,1525.0,1500.0,1550.0,1591,1575.0,1525.0,1525.0,1500.0
34,Nevada,35,,,1275.0,1250.0,1250.0,1250.0,1212.5,1250.0,1250.0,1225.0,1200.0,1195.0,1195.0,1195.0,1150.0,1195.0,1200.0,1195.0,1195.0,1195.0,1180.0,1150.0,1125.0,1125.0,1100.0,1100.0,1100.0,1100.0,1100.0,1100.0,1100.0,1100.0,1100.0,1100.0,1100.0,1099.0,1100.0,1100.0,1100.0,1100.0,1100.0,1100.0,1130.0,1150.0,1150.0,1150.0,1150.0,1150.0,1150.0,1150.0,1150.0,1150.0,1195.0,1195.0,1200.0,1200.0,1200.0,1200.0,1200.0,1200.0,1200.0,1200.0,1225.0,1250.0,1225.0,1250.0,1250.0,1250.0,1250.0,1250.0,1250.0,1250.0,1250.0,1250.0,1250.0,1250.0,1275.0,1299.0,1250.0,1250.0,1250.0,1250.0,1295.0,1250.0,1295.0,1300.0,1350.0,1350.0,1350.0,1350.0,1375.0,1375.0,1350.0,1350,1350,1370.0,1395.0,1395.0,1400,1450.0,1425.0,1450.0,1450,1495.0,1495.0,1495.0,1495.0,1500.0,1500.0,1500.0,1525.0,1550,1550.0,1562.0,1580.0,1565,1550.0,1550.0,1550.0,1540.0
35,New Mexico,36,,,,,,,,,1200.0,1150.0,1125.0,1195.0,1150.0,1100.0,1195.0,1195.0,1195.0,1150.0,1195.0,1150.0,1175.0,1150.0,1100.0,1100.0,1100.0,1100.0,1100.0,1095.0,1095.0,1100.0,1100.0,1125.0,1100.0,1095.0,1075.0,1050.0,1050.0,1095.0,1050.0,1095.0,1100.0,1100.0,1100.0,1125.0,1150.0,1150.0,1100.0,1100.0,1100.0,1100.0,1100.0,1100.0,1100.0,1100.0,1150.0,1150.0,1125.0,1125.0,1100.0,1100.0,1100.0,1100.0,1100.0,1150.0,1150.0,1150.0,1150.0,1150.0,1100.0,1125.0,1100.0,1100.0,1100.0,1145.0,1150.0,1100.0,1150.0,1175.0,1165.0,1125.0,1195.0,1150.0,1125.0,1125.0,1150.0,1150.0,1150.0,1175.0,1195.0,1175.0,1195.0,1195.0,1200.0,1200,1200,1200.0,1200.0,1200.0,1200,1200.0,1200.0,1250.0,1234,1200.0,1200.0,1200.0,1200.0,1200.0,1200.0,1200.0,1207.5,1250,1250.0,1250.0,1250.0,1250,1250.0,1250.0,1250.0,1250.0
36,West Virginia,37,,,,,,,,,,,,,,,,,1200.0,1300.0,1225.0,1200.0,1200.0,1087.5,1050.0,1100.0,975.0,995.0,1000.0,1000.0,1050.0,1150.0,1197.5,1200.0,1200.0,1200.0,1165.0,1100.0,1097.5,998.0,1000.0,1000.0,1000.0,1150.0,1000.0,1000.0,1100.0,1150.0,1137.5,1100.0,1000.0,1097.5,1000.0,1000.0,1150.0,1100.0,1200.0,1100.0,1100.0,1100.0,1095.0,1100.0,1100.0,1100.0,1100.0,1100.0,1100.0,1100.0,1100.0,1100.0,1100.0,1047.5,1020.0,1000.0,1050.0,1025.0,1100.0,1100.0,1095.0,1000.0,1100.0,1050.0,1050.0,1000.0,1000.0,985.0,1000.0,1000.0,1000.0,1000.0,1000.0,1000.0,995.0,972.5,1000.0,950,975,950.0,995.0,975.0,975,1000.0,1000.0,1000.0,1000,1000.0,975.0,950.0,950.0,950.0,950.0,990.0,990.0,1000,1050.0,1000.0,1000.0,1000,975.0,990.0,1000.0,975.0
37,Nebraska,38,,,,,,,,,,,,,,,,,,,,,,,,,,,,,,,,,,,,,,,,,,,,,,,,,,,,,,,,,,,,,,,,,,,,,,,,,,,,,,,,,,,,,,1200.0,1200.0,1265.0,1250.0,1250.0,1250.0,1225.0,1225.0,1200,1200,1200.0,1200.0,1250.0,1260,1280.0,1295.0,1300.0,1300,1275.0,1200.0,1200.0,1200.0,1200.0,1200.0,1200.0,1295.0,1300,1295.0,1295.0,1295.0,1250,1200.0,1200.0,1200.0,1195.0
38,Idaho,39,,,,,,,,,,,,,,,895.0,895.0,875.0,850.0,875.0,895.0,895.0,850.0,850.0,850.0,850.0,850.0,850.0,850.0,895.0,875.0,875.0,875.0,895.0,895.0,895.0,895.0,895.0,875.0,850.0,850.0,875.0,895.0,895.0,875.0,895.0,925.0,925.0,925.0,925.0,925.0,925.0,925.0,950.0,950.0,950.0,995.0,995.0,995.0,995.0,995.0,995.0,995.0,995.0,995.0,995.0,995.0,1037.0,1000.0,1000.0,995.0,995.0,995.0,995.0,1000.0,1000.0,1000.0,1050.0,1050.0,1025.0,1100.0,1095.0,1095.0,1050.0,1050.0,1100.0,1150.0,1175.0,1175.0,1195.0,1200.0,1200.0,1200.0,1225.0,1230,1220,1200.0,1225.0,1250.0,1295,1275.0,1300.0,1350.0,1350,1350.0,1350.0,1350.0,1335.0,1350.0,1350.0,1350.0,1350.0,1350,1395.0,1400.0,1400.0,1450,1425.0,1400.0,1399.0,1400.0
39,Hawaii,40,,,,,,,,,,,,,,1900.0,1950.0,1900.0,1900.0,1850.0,1900.0,1875.0,1950.0,1875.0,1850.0,1900.0,1900.0,1950.0,1995.0,2000.0,2000.0,2000.0,1950.0,1900.0,1950.0,1950.0,2000.0,2000.0,2050.0,2050.0,2000.0,2100.0,2200.0,2200.0,2000.0,2000.0,2000.0,2100.0,2000.0,2100.0,2000.0,2000.0,1950.0,1950.0,2200.0,2200.0,2100.0,2100.0,2150.0,2200.0,2300.0,2300.0,2350.0,2350.0,2350.0,2400.0,2400.0,2450.0,2400.0,2397.5,2350.0,2350.0,2300.0,2350.0,2347.0,2300.0,2400.0,2450.0,2400.0,2400.0,2300.0,2350.0,2250.0,2225.0,2286.5,2150.0,2297.0,2300.0,2300.0,2400.0,2395.0,2350.0,2345.0,2300.0,2300.0,2295,2300,2300.0,2300.0,2300.0,2300,2300.0,2400.0,2400.0,2400,2300.0,2300.0,2300.0,2300.0,2300.0,2300.0,2300.0,2300.0,2350,2400.0,2400.0,2400.0,2375,2400.0,2350.0,2350.0,2300.0
40,Maine,41,,,,,,,,,,,,,,,,,,,,,,,,,,,,,,,,,,,,,,,,,,,,,,,,,,,,,,,,1400.0,1400.0,1300.0,1300.0,1325.0,1300.0,1350.0,1500.0,1500.0,1600.0,1600.0,1500.0,1500.0,1500.0,1500.0,1450.0,1400.0,1400.0,1450.0,1500.0,1500.0,1500.0,1350.0,1385.0,1475.0,1400.0,1500.0,1400.0,1397.0,1400.0,1600.0,1650.0,1795.0,1800.0,1750.0,1800.0,1800.0,1650.0,1600,1650,1700.0,1650.0,1637.5,1750,1850.0,1850.0,1900.0,1900,1750.0,1797.5,1650.0,1650.0,1750.0,1690.0,1700.0,1750.0,1750,1800.0,1800.0,1800.0,1800,1700.0,1700.0,1750.0,1750.0
41,New Hampshire,42,,1237.5,1225.0,1300.0,1395.0,1350.0,1500.0,1500.0,1495.0,1400.0,1295.0,1350.0,1295.0,1300.0,1250.0,1300.0,1200.0,1385.0,1495.0,1495.0,1400.0,1300.0,1300.0,1300.0,1282.5,1275.0,1300.0,1350.0,1350.0,1350.0,1350.0,1400.0,1400.0,1400.0,1400.0,1400.0,1369.0,1300.0,1250.0,1350.0,1375.0,1400.0,1350.0,1300.0,1395.0,1495.0,1495.0,1450.0,1450.0,1450.0,1400.0,1400.0,1425.0,1450.0,1500.0,1400.0,1400.0,1400.0,1400.0,1400.0,1400.0,1375.0,1400.0,1400.0,1495.0,1500.0,1500.0,1500.0,1500.0,1500.0,1500.0,1500.0,1500.0,1495.0,1495.0,1500.0,1500.0,1550.0,1600.0,1500.0,1600.0,1550.0,1500.0,1500.0,1500.0,1500.0,1500.0,1600.0,1600.0,1600.0,1662.5,1695.0,1650.0,1650,1650,1695.0,1650.0,1675.0,1695,1700.0,1700.0,1750.0,1750,1700.0,1750.0,1735.0,1700.0,1697.0,1700.0,1700.0,1700.0,1750,1800.0,1800.0,1825.0,1800,1795.0,1750.0,1700.0,1700.0
42,Rhode Island,43,,,,,,,,,,,,,,,,,,,,,,1595.0,1500.0,1512.5,1600.0,1650.0,1600.0,1600.0,1650.0,1600.0,1600.0,1600.0,1600.0,1600.0,1600.0,1515.0,1500.0,1550.0,1500.0,1500.0,1500.0,1450.0,1400.0,1350.0,1400.0,1600.0,1600.0,1650.0,1600.0,1600.0,1600.0,1600.0,1750.0,1700.0,1650.0,1675.0,1600.0,1600.0,1600.0,1600.0,1750.0,1800.0,1800.0,1850.0,1800.0,1750.0,1700.0,1650.0,1700.0,1700.0,1700.0,1772.5,1800.0,1850.0,1850.0,1850.0,1800.0,1700.0,1800.0,1750.0,1750.0,1700.0,1650.0,1650.0,1762.5,1900.0,2000.0,2000.0,2000.0,1950.0,1900.0,1900.0,1875.0,1850,1800,1900.0,1975.0,2000.0,2000,2100.0,2100.0,2000.0,1950,1962.5,1985.0,1900.0,1950.0,2000.0,2000.0,2000.0,2100.0,2100,2100.0,2100.0,2000.0,2000,2000.0,2000.0,2000.0,2000.0
43,Montana,44,,,,,,,,,,,,,,,,,,,,1100.0,1050.0,935.0,900.0,900.0,897.5,900.0,875.0,925.0,950.0,995.0,950.0,957.5,995.0,995.0,990.0,995.0,975.0,1000.0,995.0,961.0,925.0,975.0,975.0,950.0,950.0,1000.0,1097.5,995.0,950.0,950.0,950.0,950.0,950.0,975.0,1095.0,1100.0,1000.0,1025.0,937.5,995.0,995.0,1000.0,1000.0,1000.0,995.0,1000.0,1100.0,1125.0,1150.0,1100.0,1000.0,1000.0,1095.0,1095.0,1100.0,995.0,1100.0,1100.0,1150.0,1000.0,1100.0,1195.0,1195.0,1195.0,1100.0,1100.0,1195.0,1250.0,1295.0,1225.0,1225.0,1250.0,1225.0,1200,1200,1150.0,1100.0,1157.5,1200,1200.0,1250.0,1300.0,1350,1300.0,1300.0,1295.0,1285.0,1250.0,1250.0,1295.0,1295.0,1300,1300.0,1350.0,1350.0,1400,1350.0,1350.0,1300.0,1295.0
44,Delaware,45,,,,,,,,,,,,1297.5,1200.0,1250.0,1275.0,1350.0,1350.0,1299.5,1300.0,1300.0,1250.0,1200.0,1200.0,1200.0,1250.0,1200.0,1200.0,1200.0,1200.0,1275.0,1250.0,1200.0,1200.0,1200.0,1200.0,1200.0,1200.0,1200.0,1200.0,1250.0,1292.5,1295.0,1297.5,1300.0,1300.0,1300.0,1295.0,1250.0,1200.0,1200.0,1200.0,1200.0,1275.0,1300.0,1300.0,1300.0,1300.0,1300.0,1300.0,1250.0,1295.0,1275.0,1225.0,1300.0,1300.0,1300.0,1300.0,1350.0,1350.0,1350.0,1300.0,1300.0,1300.0,1300.0,1300.0,1350.0,1300.0,1300.0,1350.0,1300.0,1300.0,1300.0,1350.0,1300.0,1300.0,1300.0,1300.0,1300.0,1350.0,1350.0,1350.0,1350.0,1350.0,1300,1300,1300.0,1300.0,1300.0,1350,1400.0,1395.0,1395.0,1400,1400.0,1400.0,1400.0,1400.0,1400.0,1370.0,1395.0,1350.0,1390,1412.5,1450.0,1445.0,1425,1450.0,1450.0,1400.0,1400.0
45,South Dakota,46,,,,,,,,,,,,,,,,,,,,,,,,,,,,,,,,,,,,,,,,,,,,887.5,890.0,1050.0,1000.0,900.0,900.0,900.0,950.0,900.0,900.0,950.0,850.0,900.0,975.0,950.0,950.0,1000.0,1007.5,995.0,950.0,950.0,950.0,987.5,1100.0,1112.5,1100.0,1100.0,1100.0,1100.0,1025.0,995.0,1052.5,1052.5,1070.0,1050.0,1100.0,1050.0,1115.0,995.0,1100.0,995.0,1050.0,1065.5,1137.5,1150.0,1195.0,1195.0,1150.0,1100.0,1100.0,1100,1150,1097.5,1100.0,1095.0,1100,1100.0,1095.0,1149.5,1150,1150.0,1150.0,1100.0,1125.0,1112.5,1100.0,1100.0,1100.0,1100,1135.0,1150.0,1150.0,1150,1125.0,1137.5,1150.0,1175.0
46,Alaska,47,,,,,,,,,,,,,,1500.0,1500.0,1570.0,1525.0,1700.0,1695.0,1650.0,1700.0,1497.5,1427.5,1500.0,1525.0,1500.0,1500.0,1425.0,1500.0,1500.0,1595.0,1500.0,1500.0,1500.0,1650.0,1600.0,1500.0,1500.0,1600.0,1525.0,1500.0,1550.0,1500.0,1550.0,1600.0,1650.0,1650.0,1500.0,1515.0,1500.0,1475.0,1497.5,1500.0,1670.0,1750.0,1750.0,1742.5,1700.0,1650.0,1697.5,1665.0,1600.0,1650.0,1650.0,1750.0,1750.0,1750.0,1700.0,1675.0,1690.0,1700.0,1675.0,1600.0,1675.0,1675.0,1700.0,1650.0,1690.0,1650.0,1682.5,1650.0,1600.0,1592.5,1562.5,1595.0,1550.0,1500.0,1550.0,1600.0,1625.0,1650.0,1600.0,1600.0,1600,1595,1595.0,1600.0,1592.5,1600,1650.0,1675.0,1697.5,1695,1695.0,1700.0,1650.0,1650.0,1600.0,1600.0,1600.0,1650.0,1695,1682.5,1650.0,1675.0,1695,1650.0,1650.0,1650.0,1600.0
47,North Dakota,48,,,,,,,,,,,,,,,,,,,,,,,,,,,,,,,,,,,,,,,,,,,,,,,,,,,,,,,,,,,,,,,,,,1700.0,1600.0,1495.0,1495.0,1375.0,1350.0,1350.0,1345.0,1350.0,1362.5,1295.0,1295.0,1300.0,1297.5,1100.0,1250.0,1150.0,1187.5,1200.0,1200.0,1200.0,1300.0,1342.5,1245.0,1250.0,1200.0,1200.0,1170.0,1170,1170,1170.0,1172.5,1250.0,1300,1350.0,1275.0,1250.0,1295,1292.5,1250.0,1300.0,1292.5,1275.0,1300.0,1297.5,1300.0,1350,1300.0,1295.0,1250.0,1300,1300.0,1295.0,1295.0,1250.0
48,District of Columbia,49,,2275.0,1972.5,1999.0,2000.0,2125.0,2300.0,2200.0,2180.0,2200.0,2156.5,2250.0,2400.0,2300.0,2295.0,2300.0,2400.0,2350.0,2450.0,2460.0,2497.5,2500.0,2500.0,2342.5,2350.0,2400.0,2400.0,2395.0,2350.0,2434.5,2300.0,2300.0,2450.0,2497.5,2500.0,2410.0,2410.0,2597.5,2500.0,2400.0,2350.0,2450.0,2500.0,2450.0,2480.0,2350.0,2499.0,2450.0,2400.0,2450.0,2400.0,2400.0,2500.0,2500.0,2500.0,2500.0,2500.0,2495.0,2450.0,2400.0,2500.0,2420.0,2500.0,2500.0,2500.0,2500.0,2500.0,2550.0,2600.0,2550.0,2500.0,2500.0,2550.0,2550.0,2500.0,2500.0,2580.0,2550.0,2600.0,2595.0,2500.0,2500.0,2500.0,2500.0,2500.0,2600.0,2550.0,2600.0,2700.0,2695.0,2700.0,2600.0,2600.0,2575,2550,2595.0,2550.0,2500.0,2500,2600.0,2650.0,2675.0,2700,2650.0,2680.0,2600.0,2600.0,2600.0,2600.0,2605.0,2600.0,2650,2700.0,2750.0,2730.0,2700,2700.0,2700.0,2700.0,2730.0
49,Wyoming,50,,,,,,,,,,,,,,,,,,,,,,,,,,,,,,,,,,,,,,,,,,,,,,,,,,,,,,1295.0,1200.0,1300.0,1200.0,1200.0,1100.0,1000.0,1100.0,1197.5,1250.0,1215.0,1200.0,1200.0,1200.0,1225.0,1250.0,1250.0,1200.0,1200.0,1200.0,1200.0,1195.0,1150.0,1125.0,1150.0,1100.0,1100.0,1065.0,1075.0,1100.0,997.5,1050.0,1050.0,1050.0,1100.0,1100.0,1100.0,1100.0,1100.0,1100.0,1000,1050,1050.0,1000.0,1000.0,1050,1037.5,1100.0,1100.0,1100,1050.0,1070.0,1050.0,1100.0,1150.0,1100.0,1095.0,1100.0,1100,1125.0,1185.0,1150.0,1250,1200.0,1150.0,1195.0,1150.0
50,Puerto Rico,51,,,,,,,,,,,,,,,,,,,,,,,,,,,,,,,,,,,,,,,,,,,,,,,,,,,,,,,,,,,,,,,,,,,,,,,,,,,,,,,,,,,1300.0,1500.0,1400.0,1250.0,1400.0,1500.0,1600.0,1500.0,1500.0,1600.0,1500.0,1500,1500,1500.0,1500.0,1500.0,1500,1500.0,1500.0,1500.0,1500,1400.0,1400.0,1500.0,1400.0,1400.0,1400.0,1400.0,1400.0,1500,1600.0,1800.0,1625.0,1650,1650.0,1800.0,1650.0,1700.0
